Date,Âge,Sexe,cooling type,Building_type,Climate,Season,Tair,tr,Tout,vel,RH,clo,Met,thermal_sensation,thermal_preference,PMV_ISO,PMV_ASHRAE,aPMV,ePMV,PMV_Gagge,PMV_SET,TSENS,SET,PTS,aSET,eSET,aPTS,ePTS,PTS_SET,PET,PTS_PET,ATHB_PMV,DTS,TSV_3p,lat,lon,Trm_ema_28,Tout_ema_28,RHout_ema_28,precip_ema_28,sunshine_ema_h_28,wind_ema_28,Trm_ema_14,Tout_ema_14,RHout_ema_14,precip_ema_14,sunshine_ema_h_14,wind_ema_14,Trm_ema_7,Tout_ema_7,RHout_ema_7,precip_ema_7,sunshine_ema_h_7,wind_ema_7
07-05-23,54,male,naturally ventilated,multifamily housing,Cfb,summer,24.702089,24.742486,21.6,0.128753,46.605162,0.4783,1.9,0,0.0,0.82,0.82,0.84,0.21,0.4,0.3,0.5,25.0,0.22,0.223937,0.302951,0.827213,0.572244,0.78,25.52,0.446,0.245,-0.715153,0.0,45.75,4.85,22.067882000000001,22.067882000000001,62.60749800000000,2.30812800000000,12.414974000000001,9.376493000000000,21.97982800000000,21.97982800000000,63.566524999999999,2.462835000000000,11.778594999999999,8.573971999999999,21.204184999999999,21.204184999999999,62.359077999999997,2.1095459999999999,12.2575850000000,8.431186000000000
07-07-23,54,male,naturally ventilated,multifamily housing,Cfb,summer,24.246086,24.564764,21.5,0.057033,58.32377,0.4783,1.6,2,-1.0,0.57,0.57,0.58,0.14,0.3,0.3,0.4,24.5,0.095,0.095727,0.13082,0.656776,0.406331,0.66,26.37,0.701,0.253,0.491548,1.0,45.75,4.85,21.769894000000001,21.769894000000001,64.21669000000000,5.4746269999999999,11.573982000000001,9.30278500000000,21.56515000000000,21.56515000000000,62.90679800000000,1.6796489999999999,13.105256000000,8.538223000000000,20.933437999999999,20.933437999999999,65.7092980000000,1.6982420000000000,12.586824999999999,6.78010600000000
07-08-23,54,male,naturally ventilated,multifamily housing,Cfb,summer,24.714681,24.981858,22.6,0.057033,51.904848,0.65365,1.0,2,-1.0,-0.06,-0.06,-0.06,-0.02,0.4,0.5,0.3,25.0,0.22,0.223937,0.302951,0.827646,0.573163,0.78,24.76,0.218,0.007,0.18257,1.0,45.75,4.85,22.145028000000000,22.145028000000000,63.4155210000000,1.8382609999999999,12.80631500000000,8.758538000000000,22.293773999999999,22.293773999999999,60.34590200000000,1.4556960000000001,13.057719000000001,8.922113000000000,21.813054000000001,21.813054000000001,63.692926000000000,0.4193850000000000,12.471747000000001,6.720824000000000
07-08-23,54,male,naturally ventilated,multifamily housing,Cfb,summer,25.401624,25.980734,22.6,0.057033,55.652908,0.65365,1.0,0,-1.0,0.26,0.26,0.26,0.06,0.7,0.8,0.5,26.0,0.47,0.488344,0.647213,1.166594,0.892604,1.02,25.99,0.587,0.141,0.403899,0.0,45.75,4.85,22.145028000000000,22.145028000000000,63.4155210000000,1.8382609999999999,12.80631500000000,8.758538000000000,22.293773999999999,22.293773999999999,60.34590200000000,1.4556960000000001,13.057719000000001,8.922113000000000,21.813054000000001,21.813054000000001,63.692926000000000,0.4193850000000000,12.471747000000001,6.720824000000000
07-08-23,54,male,naturally ventilated,multifamily housing,Cfb,summer,25.134979,25.665506,22.6,0.057033,64.182972,0.3614,1.6,1,-1.0,0.68,0.68,0.69,0.17,0.3,0.3,0.4,24.5,0.095,0.095727,0.13082,0.685769,0.469641,0.66,28.0,1.19,0.379,0.565607,1.0,45.75,4.85,22.145028000000000,22.145028000000000,63.4155210000000,1.8382609999999999,12.80631500000000,8.758538000000000,22.293773999999999,22.293773999999999,60.34590200000000,1.4556960000000001,13.057719000000001,8.922113000000000,21.813054000000001,21.813054000000001,63.692926000000000,0.4193850000000000,12.471747000000001,6.720824000000000
07-08-23,54,male,naturally ventilated,multifamily housing,Cfb,summer,25.12792,25.931181,22.6,0.128753,64.723977,0.53675,0.8,2,-1.0,-1.23,-1.23,-1.2,-0.36,-0.1,0.0,-0.1,24.5,0.095,0.095727,0.13082,0.685546,0.469138,0.66,25.01,0.293,-0.159,-0.161329,1.0,45.75,4.85,22.145028000000000,22.145028000000000,63.4155210000000,1.8382609999999999,12.80631500000000,8.758538000000000,22.293773999999999,22.293773999999999,60.34590200000000,1.4556960000000001,13.057719000000001,8.922113000000000,21.813054000000001,21.813054000000001,63.692926000000000,0.4193850000000000,12.471747000000001,6.720824000000000
07-09-23,54,male,naturally ventilated,multifamily housing,Cfb,summer,25.160188,25.538689,24.2,0.128753,58.019294,0.53675,0.8,2,-1.0,-1.37,-1.37,-1.33,-0.4,-0.1,-0.1,-0.1,24.2,0.02,0.020032,0.027541,0.593298,0.390895,0.588,24.39,0.107,-0.257,-0.241125,1.0,45.75,4.85,22.55819000000000,22.55819000000000,62.36328900000000,2.198277000000000,12.707603000000001,8.991909000000000,23.260089000000001,23.260089000000001,58.65589500000000,1.261603000000000,13.181228000000001,7.669978000000000,23.55696400000000,23.55696400000000,58.90447800000000,0.39462900000000001,13.306801999999999,7.7837529999999999
07-09-23,54,male,naturally ventilated,multifamily housing,Cfb,summer,26.307271,26.829403,24.2,0.057033,59.376951,0.3614,1.6,2,-1.0,0.96,0.96,0.98,0.25,0.5,0.4,0.6,25.5,0.345,0.354782,0.475082,1.038579,0.825615,0.9,29.05,1.505,0.487,0.34738,1.0,45.75,4.85,22.55819000000000,22.55819000000000,62.36328900000000,2.198277000000000,12.707603000000001,8.991909000000000,23.260089000000001,23.260089000000001,58.65589500000000,1.261603000000000,13.181228000000001,7.669978000000000,23.55696400000000,23.55696400000000,58.90447800000000,0.39462900000000001,13.306801999999999,7.7837529999999999
07-09-23,54,male,naturally ventilated,multifamily housing,Cfb,summer,26.522419,27.352505,24.2,0.372,60.008678,0.53675,0.8,1,-1.0,-1.21,-1.16,-1.18,-0.35,-0.1,-0.2,-0.1,24.3,0.045,0.045162,0.061967,0.664547,0.513813,0.612,25.24,0.362,-0.196,-0.286417,1.0,45.75,4.85,22.55819000000000,22.55819000000000,62.36328900000000,2.198277000000000,12.707603000000001,8.991909000000000,23.260089000000001,23.260089000000001,58.65589500000000,1.261603000000000,13.181228000000001,7.669978000000000,23.55696400000000,23.55696400000000,58.90447800000000,0.39462900000000001,13.306801999999999,7.7837529999999999
07-10-23,54,male,naturally ventilated,multifamily housing,Cfb,summer,26.509443,26.720827,25.6,0.372,63.737126,0.53675,0.8,1,-1.0,-1.29,-1.24,-1.25,-0.37,-0.1,-0.2,-0.1,24.1,-0.005,-0.004998,-0.006885,0.601232,0.45826,0.564,25.24,0.362,-0.269,-0.349131,1.0,45.75,4.85,22.936761000000001,22.936761000000001,61.697972999999998,1.776231000000000,12.557978000000000,8.811113000000001,23.864792999999999,23.864792999999999,57.77043000000000,1.0933889999999999,13.255531000000000,8.966957000000001,24.742276000000000,24.742276000000000,55.89233300000000,0.08239700000000000,13.196433000000001,8.284331000000000
07-10-23,54,male,naturally ventilated,multifamily housing,Cfb,summer,27.334799,27.859608,25.6,0.057033,65.523149,0.53675,1.0,3,-1.0,0.85,0.85,0.87,0.19,1.1,1.3,0.9,27.8,0.92,0.993015,1.266885,1.823752,1.537352,1.452,28.93,1.469,0.379,0.627197,1.0,45.75,4.85,22.936761000000001,22.936761000000001,61.697972999999998,1.776231000000000,12.557978000000000,8.811113000000001,23.864792999999999,23.864792999999999,57.77043000000000,1.0933889999999999,13.255531000000000,8.966957000000001,24.742276000000000,24.742276000000000,55.89233300000000,0.08239700000000000,13.196433000000001,8.284331000000000
07-11-23,54,male,naturally ventilated,multifamily housing,Cfb,summer,27.112695,27.409402,26.7,0.057033,64.719605,0.53675,0.8,2,-1.0,-0.16,-0.16,-0.16,-0.05,0.4,0.5,0.5,26.4,0.57,0.597206,0.784918,1.355402,1.13356,1.116,27.93,1.169,0.05,0.468773,1.0,45.75,4.85,23.289404000000001,23.289404000000001,61.43987900000000,1.2751159999999999,12.594951000000000,8.40735300000000,24.075642999999999,24.075642999999999,57.14708300000000,0.94760400000000,13.363455000000000,9.100567000000000,25.90403000000000,25.90403000000000,56.63292400000000,0.07514600000000000,13.916800000000000,7.466319000000000
07-11-23,54,male,naturally ventilated,multifamily housing,Cfb,summer,27.678205,28.16767,26.7,0.057033,63.665354,0.53675,0.8,2,-1.0,0.15,0.15,0.15,0.03,0.6,0.7,0.6,27.2,0.77,0.820493,1.060328,1.637562,1.399409,1.308,28.67,1.391,0.149,0.665753,1.0,45.75,4.85,23.289404000000001,23.289404000000001,61.43987900000000,1.2751159999999999,12.594951000000000,8.40735300000000,24.075642999999999,24.075642999999999,57.14708300000000,0.94760400000000,13.363455000000000,9.100567000000000,25.90403000000000,25.90403000000000,56.63292400000000,0.07514600000000000,13.916800000000000,7.466319000000000
07-13-23,54,male,naturally ventilated,multifamily housing,Cfb,summer,26.450887,26.895555,26.7,0.128753,39.394726,0.4783,1.2,1,0.0,0.39,0.39,0.39,0.1,0.6,0.4,0.5,25.4,0.32,0.328399,0.440656,1.011295,0.809047,0.876,25.51,0.443,0.215,0.978645,1.0,45.75,4.85,23.876702000000002,23.876702000000002,57.54333500000000,1.5616790000000000,12.439508999999999,9.64086800000000,24.747378000000001,24.747378000000001,60.763311000000002,4.275447000000000,11.596943000000000,8.054575000000000,25.932351000000001,25.932351000000001,59.90790800000000,1.7889889999999999,11.057546000000000,8.5760380000000
07-13-23,44,female,mixed mode,multifamily housing,Cfb,summer,28.059995,28.52682,26.7,0.295,38.163781,0.3614,1.75,2,-1.0,1.12,0.7,1.15,0.29,0.8,0.4,0.9,26.2,0.52,0.542548,0.716065,1.320989,1.151599,1.068,26.77,0.821,0.475,0.231077,1.0,45.75,4.85,23.876702000000002,23.876702000000002,57.54333500000000,1.5616790000000000,12.439508999999999,9.64086800000000,24.747378000000001,24.747378000000001,60.763311000000002,4.275447000000000,11.596943000000000,8.054575000000000,25.932351000000001,25.932351000000001,59.90790800000000,1.7889889999999999,11.057546000000000,8.5760380000000
07-13-23,64,female,mixed mode,multifamily housing,Cfb,summer,27.979614,28.408326,26.7,0.295,37.265662,0.5785,1.266667,1,-1.0,0.86,0.57,0.88,0.22,1.0,0.7,0.9,27.0,0.72,0.763961,0.991475,1.581886,1.368055,1.26,26.4,0.71,0.347,0.47619,1.0,45.75,4.85,23.876702000000002,23.876702000000002,57.54333500000000,1.5616790000000000,12.439508999999999,9.64086800000000,24.747378000000001,24.747378000000001,60.763311000000002,4.275447000000000,11.596943000000000,8.054575000000000,25.932351000000001,25.932351000000001,59.90790800000000,1.7889889999999999,11.057546000000000,8.5760380000000
07-13-23,44,female,mixed mode,multifamily housing,Cfb,summer,27.863723,28.106864,26.7,0.295,35.98625,0.53675,1.0,1,0.0,0.28,0.09,0.28,0.06,0.7,0.3,0.5,25.5,0.345,0.354782,0.475082,1.086814,0.94191,0.9,25.44,0.422,0.126,-0.06743,1.0,45.75,4.85,23.876702000000002,23.876702000000002,57.54333500000000,1.5616790000000000,12.439508999999999,9.64086800000000,24.747378000000001,24.747378000000001,60.763311000000002,4.275447000000000,11.596943000000000,8.054575000000000,25.932351000000001,25.932351000000001,59.90790800000000,1.7889889999999999,11.057546000000000,8.5760380000000
07-14-23,44,female,mixed mode,multifamily housing,Cfb,summer,26.308564,26.907851,25.8,0.128753,39.835345,0.48665,0.8,-1,0.0,-1.11,-1.11,-1.08,-0.32,0.0,-0.1,0.0,25.0,0.22,0.223937,0.302951,0.879556,0.689469,0.78,24.51,0.143,-0.182,0.132946,-1.0,45.75,4.85,23.84240900000000,23.84240900000000,58.26594200000000,1.612597000000000,12.584440000000001,9.171958000000000,24.01905400000000,24.01905400000000,60.23536600000000,2.3531000000000000,11.683953000000001,9.309925000000000,25.558940000000000,25.558940000000000,56.99055300000000,1.8500000000000001,11.613884000000001,9.73006800000000
07-14-23,64,female,mixed mode,multifamily housing,Cfb,summer,25.248246,26.306336,25.8,0.128753,40.422944,0.48665,0.8,0,0.0,-1.52,-1.52,-1.47,-0.44,-0.1,-0.2,-0.1,24.1,-0.005,-0.004998,-0.006885,0.564932,0.370196,0.564,23.56,-0.142,-0.308,-1.034534,0.0,45.75,4.85,23.84240900000000,23.84240900000000,58.26594200000000,1.612597000000000,12.584440000000001,9.171958000000000,24.01905400000000,24.01905400000000,60.23536600000000,2.3531000000000000,11.683953000000001,9.309925000000000,25.558940000000000,25.558940000000000,56.99055300000000,1.8500000000000001,11.613884000000001,9.73006800000000
07-14-23,44,female,mixed mode,multifamily housing,Cfb,summer,25.213148,26.224803,25.8,0.128753,40.38418,0.48665,1.1,0,0.0,-0.1,-0.1,-0.1,-0.03,0.4,0.3,0.3,24.6,0.12,0.121162,0.165246,0.719413,0.502074,0.684,24.22,0.056,0.055,0.179979,0.0,45.75,4.85,23.84240900000000,23.84240900000000,58.26594200000000,1.612597000000000,12.584440000000001,9.171958000000000,24.01905400000000,24.01905400000000,60.23536600000000,2.3531000000000000,11.683953000000001,9.309925000000000,25.558940000000000,25.558940000000000,56.99055300000000,1.8500000000000001,11.613884000000001,9.73006800000000
07-14-23,44,female,mixed mode,multifamily housing,Cfb,summer,25.426386,26.385624,25.8,0.128753,40.13222,0.48665,1.1,0,0.0,-0.04,-0.04,-0.04,-0.01,0.4,0.3,0.3,24.8,0.17,0.172342,0.234098,0.788758,0.571216,0.732,24.42,0.116,0.081,0.257167,0.0,45.75,4.85,23.84240900000000,23.84240900000000,58.26594200000000,1.612597000000000,12.584440000000001,9.171958000000000,24.01905400000000,24.01905400000000,60.23536600000000,2.3531000000000000,11.683953000000001,9.309925000000000,25.558940000000000,25.558940000000000,56.99055300000000,1.8500000000000001,11.613884000000001,9.73006800000000
07-14-23,64,female,mixed mode,multifamily housing,Cfb,summer,26.825101,27.228474,25.8,0.057033,45.048854,0.40315,1.2,2,-1.0,0.57,0.57,0.58,0.14,0.6,0.4,0.5,25.4,0.32,0.328399,0.440656,1.023097,0.836877,0.876,27.15,0.935,0.364,-0.642852,1.0,45.75,4.85,23.84240900000000,23.84240900000000,58.26594200000000,1.612597000000000,12.584440000000001,9.171958000000000,24.01905400000000,24.01905400000000,60.23536600000000,2.3531000000000000,11.683953000000001,9.309925000000000,25.558940000000000,25.558940000000000,56.99055300000000,1.8500000000000001,11.613884000000001,9.73006800000000
07-14-23,44,female,mixed mode,multifamily housing,Cfb,summer,27.451733,27.870683,25.8,0.319,46.563687,0.48665,0.9,1,0.0,-0.39,-0.46,-0.39,-0.11,0.2,0.0,0.2,24.9,0.195,0.198087,0.268525,0.881506,0.745239,0.756,25.47,0.431,0.0,0.062212,1.0,45.75,4.85,23.84240900000000,23.84240900000000,58.26594200000000,1.612597000000000,12.584440000000001,9.171958000000000,24.01905400000000,24.01905400000000,60.23536600000000,2.3531000000000000,11.683953000000001,9.309925000000000,25.558940000000000,25.558940000000000,56.99055300000000,1.8500000000000001,11.613884000000001,9.73006800000000
07-14-23,64,female,mixed mode,multifamily housing,Cfb,summer,25.728149,25.747391,25.8,0.21175,45.675299,0.3113,1.9,0,0.0,0.7,0.52,0.71,0.17,0.3,0.0,0.4,23.9,-0.055,-0.054759,-0.075738,0.516803,0.349615,0.516,25.52,0.446,0.237,-0.876054,0.0,45.75,4.85,23.84240900000000,23.84240900000000,58.26594200000000,1.612597000000000,12.584440000000001,9.171958000000000,24.01905400000000,24.01905400000000,60.23536600000000,2.3531000000000000,11.683953000000001,9.309925000000000,25.558940000000000,25.558940000000000,56.99055300000000,1.8500000000000001,11.613884000000001,9.73006800000000
07-14-23,44,female,mixed mode,multifamily housing,Cfb,summer,26.68284,27.831527,25.8,0.319,42.763309,0.48665,1.0,0,0.0,-0.18,-0.28,-0.18,-0.05,0.4,0.1,0.2,24.5,0.095,0.095727,0.13082,0.732258,0.579885,0.66,24.78,0.224,0.023,0.53538,0.0,45.75,4.85,23.84240900000000,23.84240900000000,58.26594200000000,1.612597000000000,12.584440000000001,9.171958000000000,24.01905400000000,24.01905400000000,60.23536600000000,2.3531000000000000,11.683953000000001,9.309925000000000,25.558940000000000,25.558940000000000,56.99055300000000,1.8500000000000001,11.613884000000001,9.73006800000000
07-14-23,44,female,mixed mode,multifamily housing,Cfb,summer,28.343871,28.46674,25.8,0.211918,39.630682,0.48665,1.0,0,0.0,0.51,0.41,0.52,0.11,0.9,0.6,0.7,26.2,0.52,0.542548,0.716065,1.329815,1.173504,1.068,26.52,0.746,0.278,0.132208,0.0,45.75,4.85,23.84240900000000,23.84240900000000,58.26594200000000,1.612597000000000,12.584440000000001,9.171958000000000,24.01905400000000,24.01905400000000,60.23536600000000,2.3531000000000000,11.683953000000001,9.309925000000000,25.558940000000000,25.558940000000000,56.99055300000000,1.8500000000000001,11.613884000000001,9.73006800000000
07-15-23,64,female,mixed mode,multifamily housing,Cfb,summer,26.518828,26.853071,25.5,0.128753,54.030913,0.48665,1.0,1,-1.0,0.14,0.14,0.14,0.03,0.7,0.7,0.5,25.9,0.445,0.46141,0.612787,1.173661,0.95071,0.996,26.16,0.638,0.143,0.535798,1.0,45.75,4.85,23.892858000000000,23.892858000000000,57.84858000000000,1.5013840000000001,12.691481000000000,9.029498000000000,23.845683000000001,23.845683000000001,59.30862400000000,1.17615700000000,11.862086000000000,8.939463000000000,25.551752000000000,25.551752000000000,53.54440600000000,1.3875000000000000,12.411879000000001,10.617153999999999
07-15-23,44,female,mixed mode,multifamily housing,Cfb,summer,26.847818,27.203769,25.5,0.211918,52.952512,0.48665,1.0,0,0.0,0.05,0.04,0.05,0.01,0.6,0.5,0.4,25.3,0.295,0.302123,0.406229,0.991772,0.81113,0.852,25.91,0.563,0.117,0.377365,0.0,45.75,4.85,23.892858000000000,23.892858000000000,57.84858000000000,1.5013840000000001,12.691481000000000,9.029498000000000,23.845683000000001,23.845683000000001,59.30862400000000,1.17615700000000,11.862086000000000,8.939463000000000,25.551752000000000,25.551752000000000,53.54440600000000,1.3875000000000000,12.411879000000001,10.617153999999999
07-15-23,44,female,mixed mode,multifamily housing,Cfb,summer,27.929556,29.041303,25.5,0.319,45.38635,0.48665,0.8,1,0.0,-0.59,-0.64,-0.58,-0.17,0.1,-0.1,0.2,25.7,0.395,0.407876,0.543934,1.153719,1.002459,0.948,26.04,0.602,-0.001,0.786647,1.0,45.75,4.85,23.892858000000000,23.892858000000000,57.84858000000000,1.5013840000000001,12.691481000000000,9.029498000000000,23.845683000000001,23.845683000000001,59.30862400000000,1.17615700000000,11.862086000000000,8.939463000000000,25.551752000000000,25.551752000000000,53.54440600000000,1.3875000000000000,12.411879000000001,10.617153999999999
07-15-23,64,female,mixed mode,multifamily housing,Cfb,summer,28.037258,28.122785,25.5,0.295,54.526136,0.53675,1.0,1,-1.0,0.51,0.32,0.52,0.11,0.9,0.7,0.6,26.2,0.52,0.542548,0.716065,1.320275,1.149844,1.068,27.05,0.905,0.252,-0.155105,1.0,45.75,4.85,23.892858000000000,23.892858000000000,57.84858000000000,1.5013840000000001,12.691481000000000,9.029498000000000,23.845683000000001,23.845683000000001,59.30862400000000,1.17615700000000,11.862086000000000,8.939463000000000,25.551752000000000,25.551752000000000,53.54440600000000,1.3875000000000000,12.411879000000001,10.617153999999999
07-15-23,44,female,mixed mode,multifamily housing,Cfb,summer,27.883477,27.981417,25.5,0.295,54.966611,0.48665,1.0,0,0.0,0.34,0.17,0.34,0.07,0.7,0.5,0.5,25.7,0.395,0.407876,0.543934,1.152334,0.998984,0.948,26.82,0.836,0.228,-0.28337,0.0,45.75,4.85,23.892858000000000,23.892858000000000,57.84858000000000,1.5013840000000001,12.691481000000000,9.029498000000000,23.845683000000001,23.845683000000001,59.30862400000000,1.17615700000000,11.862086000000000,8.939463000000000,25.551752000000000,25.551752000000000,53.54440600000000,1.3875000000000000,12.411879000000001,10.617153999999999
07-16-23,64,female,mixed mode,multifamily housing,Cfb,summer,27.443611,27.988746,25.4,0.295,49.814363,0.53675,1.0,1,-1.0,0.28,0.12,0.28,0.06,0.7,0.5,0.5,25.6,0.37,0.381275,0.509508,1.106568,0.938165,0.924,26.16,0.638,0.165,0.53899,1.0,45.75,4.85,24.19460700000000,24.19460700000000,58.00034100000000,1.9219780000000000,12.445848000000000,11.57755600000000,24.510895000000001,24.510895000000001,58.63892800000000,2.1135940000000000,12.522309999999999,11.199662000000000,25.893713000000002,25.893713000000002,55.10376500000000,2.9406249999999998,12.619989000000000,13.826599000000000
07-16-23,44,female,mixed mode,multifamily housing,Cfb,summer,27.608823,27.913158,25.4,0.344,48.171676,0.53675,1.0,1,0.0,0.24,0.04,0.24,0.05,0.7,0.4,0.5,25.3,0.295,0.302123,0.406229,1.014639,0.867459,0.852,25.94,0.572,0.148,0.192476,1.0,45.75,4.85,24.19460700000000,24.19460700000000,58.00034100000000,1.9219780000000000,12.445848000000000,11.57755600000000,24.510895000000001,24.510895000000001,58.63892800000000,2.1135940000000000,12.522309999999999,11.199662000000000,25.893713000000002,25.893713000000002,55.10376500000000,2.9406249999999998,12.619989000000000,13.826599000000000
07-17-23,64,female,mixed mode,multifamily housing,Cfb,summer,26.328435,27.016474,24.1,0.295,44.032576,0.18605,1.6,2,-1.0,0.16,-0.11,0.16,0.04,0.1,-0.2,0.2,23.1,-0.255,-0.249907,-0.351147,0.284284,0.173068,0.324,24.75,0.215,0.288,0.310618,1.0,45.75,4.85,24.181505999999999,24.181505999999999,57.11123400000000,2.050955000000000,12.48798000000000,11.1226780000000,24.18534900000000,24.18534900000000,58.259152000000000,2.069316000000000,12.442876000000000,10.726927000000000,24.981750000000002,24.981750000000002,58.3165120000000,3.055469000000000,12.923598999999999,11.797471000000000
07-17-23,64,female,mixed mode,multifamily housing,Cfb,summer,27.819942,28.118027,24.1,0.441,48.082402,0.53675,1.0,2,-1.0,0.23,-0.03,0.23,0.05,0.6,0.3,0.4,25.1,0.245,0.249893,0.337377,0.956227,0.827533,0.804,25.89,0.557,0.183,0.390575,1.0,45.75,4.85,24.181505999999999,24.181505999999999,57.11123400000000,2.050955000000000,12.48798000000000,11.1226780000000,24.18534900000000,24.18534900000000,58.259152000000000,2.069316000000000,12.442876000000000,10.726927000000000,24.981750000000002,24.981750000000002,58.3165120000000,3.055469000000000,12.923598999999999,11.797471000000000
07-17-23,44,female,mixed mode,multifamily housing,Cfb,summer,28.176685,28.334962,24.1,0.295,46.259128,0.48665,1.0,1,0.0,0.39,0.19,0.39,0.08,0.8,0.5,0.6,25.7,0.395,0.407876,0.543934,1.161077,1.021097,0.948,26.49,0.737,0.285,-0.110199,1.0,45.75,4.85,24.181505999999999,24.181505999999999,57.11123400000000,2.050955000000000,12.48798000000000,11.1226780000000,24.18534900000000,24.18534900000000,58.259152000000000,2.069316000000000,12.442876000000000,10.726927000000000,24.981750000000002,24.981750000000002,58.3165120000000,3.055469000000000,12.923598999999999,11.797471000000000
07-17-23,44,female,mixed mode,multifamily housing,Cfb,summer,27.668288,28.007932,24.1,0.057033,46.937655,0.48665,0.8,2,-1.0,-0.2,-0.2,-0.2,-0.06,0.3,0.3,0.5,26.3,0.545,0.56982,0.750492,1.341228,1.149096,1.092,27.26,0.968,0.15,0.300118,1.0,45.75,4.85,24.181505999999999,24.181505999999999,57.11123400000000,2.050955000000000,12.48798000000000,11.1226780000000,24.18534900000000,24.18534900000000,58.259152000000000,2.069316000000000,12.442876000000000,10.726927000000000,24.981750000000002,24.981750000000002,58.3165120000000,3.055469000000000,12.923598999999999,11.797471000000000
07-18-23,64,female,mixed mode,multifamily housing,Cfb,summer,27.938444,28.270229,23.9,0.295,53.465904,0.53675,0.8,1,-1.0,-0.46,-0.51,-0.46,-0.13,0.2,0.0,0.3,25.9,0.445,0.46141,0.612787,1.219128,1.058765,0.996,26.54,0.752,0.046,0.153071,1.0,45.75,4.85,24.268809000000001,24.268809000000001,57.707647000000001,1.9100520000000001,12.632954000000000,10.05340900000000,24.427917999999998,24.427917999999998,57.65667100000000,1.8602280000000000,13.133235000000001,9.937466000000001,24.8541270000000,24.8541270000000,56.82024800000000,2.3916019999999998,12.908346999999999,11.854829000000001
07-18-23,64,female,mixed mode,multifamily housing,Cfb,summer,26.202432,26.472312,23.9,0.21175,50.620517,0.53675,1.0,0,0.0,-0.13,-0.12,-0.13,-0.04,0.4,0.3,0.3,24.9,0.195,0.198087,0.268525,0.844607,0.654514,0.756,25.0,0.29,0.046,-0.684569,0.0,45.75,4.85,24.268809000000001,24.268809000000001,57.707647000000001,1.9100520000000001,12.632954000000000,10.05340900000000,24.427917999999998,24.427917999999998,57.65667100000000,1.8602280000000000,13.133235000000001,9.937466000000001,24.8541270000000,24.8541270000000,56.82024800000000,2.3916019999999998,12.908346999999999,11.854829000000001
07-18-23,44,female,mixed mode,multifamily housing,Cfb,summer,28.842164,29.046614,23.9,0.344,54.195223,0.48665,1.0,2,-1.0,0.72,0.42,0.73,0.16,1.0,0.7,0.7,26.4,0.57,0.597206,0.784918,1.411095,1.268222,1.116,27.79,1.127,0.418,0.445802,1.0,45.75,4.85,24.268809000000001,24.268809000000001,57.707647000000001,1.9100520000000001,12.632954000000000,10.05340900000000,24.427917999999998,24.427917999999998,57.65667100000000,1.8602280000000000,13.133235000000001,9.937466000000001,24.8541270000000,24.8541270000000,56.82024800000000,2.3916019999999998,12.908346999999999,11.854829000000001
07-19-23,44,female,mixed mode,multifamily housing,Cfb,summer,28.113953,28.5175,24.2,0.057033,48.645886,0.48665,0.8,2,-1.0,0.06,0.06,0.06,0.01,0.6,0.5,0.6,26.9,0.695,0.735875,0.957049,1.553336,1.350918,1.236,27.96,1.178,0.226,0.463081,1.0,45.75,4.85,24.289843999999999,24.289843999999999,59.66734100000000,1.8324119999999999,12.321953000000001,9.49539700000000,24.61370700000000,24.61370700000000,57.685693999999998,1.6391730000000000,13.215972000000001,9.78981600000000,24.737407000000001,24.737407000000001,57.81506800000000,2.7013919999999998,12.015031000000000,10.25301000000000
07-19-23,64,female,mixed mode,multifamily housing,Cfb,summer,27.828153,28.166753,24.2,0.057033,49.295925,0.48665,1.0,2,-1.0,0.77,0.77,0.78,0.17,1.0,1.0,0.8,27.1,0.745,0.792167,1.025902,1.609753,1.383724,1.284,28.16,1.238,0.415,0.505769,1.0,45.75,4.85,24.289843999999999,24.289843999999999,59.66734100000000,1.8324119999999999,12.321953000000001,9.49539700000000,24.61370700000000,24.61370700000000,57.685693999999998,1.6391730000000000,13.215972000000001,9.78981600000000,24.737407000000001,24.737407000000001,57.81506800000000,2.7013919999999998,12.015031000000000,10.25301000000000
07-19-23,44,female,mixed mode,multifamily housing,Cfb,summer,28.514922,29.320159,24.2,0.344,49.793078,0.48665,1.3,2,-1.0,1.05,0.66,1.07,0.28,1.1,0.8,0.9,27.4,0.82,0.877508,1.12918,1.73339,1.522937,1.356,27.86,1.148,0.548,-0.35958,1.0,45.75,4.85,24.289843999999999,24.289843999999999,59.66734100000000,1.8324119999999999,12.321953000000001,9.49539700000000,24.61370700000000,24.61370700000000,57.685693999999998,1.6391730000000000,13.215972000000001,9.78981600000000,24.737407000000001,24.737407000000001,57.81506800000000,2.7013919999999998,12.015031000000000,10.25301000000000
07-19-23,64,female,mixed mode,multifamily housing,Cfb,summer,27.681978,28.528537,24.2,0.295,44.037378,0.3614,1.2,1,-1.0,0.4,0.16,0.4,0.1,0.6,0.3,0.5,25.3,0.295,0.302123,0.406229,1.01678,0.872874,0.852,26.16,0.638,0.382,0.865821,1.0,45.75,4.85,24.289843999999999,24.289843999999999,59.66734100000000,1.8324119999999999,12.321953000000001,9.49539700000000,24.61370700000000,24.61370700000000,57.685693999999998,1.6391730000000000,13.215972000000001,9.78981600000000,24.737407000000001,24.737407000000001,57.81506800000000,2.7013919999999998,12.015031000000000,10.25301000000000
07-19-23,44,female,mixed mode,multifamily housing,Cfb,summer,28.429216,28.563304,24.2,0.319,41.562451,0.48665,1.0,0,0.0,0.42,0.18,0.42,0.09,0.8,0.4,0.6,25.6,0.37,0.381275,0.509508,1.135821,1.012152,0.924,26.3,0.68,0.293,0.07002,0.0,45.75,4.85,24.289843999999999,24.289843999999999,59.66734100000000,1.8324119999999999,12.321953000000001,9.49539700000000,24.61370700000000,24.61370700000000,57.685693999999998,1.6391730000000000,13.215972000000001,9.78981600000000,24.737407000000001,24.737407000000001,57.81506800000000,2.7013919999999998,12.015031000000000,10.25301000000000
07-20-23,44,female,mixed mode,multifamily housing,Cfb,summer,26.506301,27.159009,24.9,0.128753,45.075402,0.48665,0.9,0,0.0,-0.35,-0.35,-0.35,-0.1,0.4,0.3,0.4,25.5,0.345,0.354782,0.475082,1.045018,0.840486,0.9,25.4,0.41,0.027,0.013639,0.0,45.75,4.85,24.100798000000001,24.100798000000001,60.01305800000000,3.342203000000000,11.976680999999999,10.16826300000000,24.87586200000000,24.87586200000000,56.246957000000002,1.4475910000000001,13.291836999999999,9.74826800000000,24.819825999999999,24.819825999999999,53.38898200000000,1.42536600000000,13.840308000000000,10.69518500000000
07-20-23,64,female,mixed mode,multifamily housing,Cfb,summer,26.513215,27.170925,24.9,0.128753,45.058584,0.53675,1.0,0,0.0,0.21,0.21,0.21,0.05,0.8,0.7,0.6,26.1,0.495,0.51539,0.681639,1.237826,1.004922,1.044,25.72,0.506,0.147,0.304304,0.0,45.75,4.85,24.100798000000001,24.100798000000001,60.01305800000000,3.342203000000000,11.976680999999999,10.16826300000000,24.87586200000000,24.87586200000000,56.246957000000002,1.4475910000000001,13.291836999999999,9.74826800000000,24.819825999999999,24.819825999999999,53.38898200000000,1.42536600000000,13.840308000000000,10.69518500000000
07-20-23,28,male,naturally ventilated,multifamily housing,Cfb,summer,26.568813,27.029879,24.9,0.057033,41.177119,0.35305,1.2,0,0.0,0.38,0.38,0.38,0.09,0.4,0.2,0.4,24.7,0.145,0.1467,0.199672,0.792289,0.626442,0.708,26.55,0.755,0.337,0.463406,0.0,45.75,4.85,24.100798000000001,24.100798000000001,60.01305800000000,3.342203000000000,11.976680999999999,10.16826300000000,24.87586200000000,24.87586200000000,56.246957000000002,1.4475910000000001,13.291836999999999,9.74826800000000,24.819825999999999,24.819825999999999,53.38898200000000,1.42536600000000,13.840308000000000,10.69518500000000
07-20-23,28,male,naturally ventilated,multifamily housing,Cfb,summer,26.754042,27.192432,24.9,0.057033,42.773813,0.35305,1.2,2,-1.0,0.45,0.45,0.45,0.11,0.5,0.2,0.4,24.9,0.195,0.198087,0.268525,0.861266,0.694572,0.756,26.88,0.854,0.367,0.563174,1.0,45.75,4.85,24.100798000000001,24.100798000000001,60.01305800000000,3.342203000000000,11.976680999999999,10.16826300000000,24.87586200000000,24.87586200000000,56.246957000000002,1.4475910000000001,13.291836999999999,9.74826800000000,24.819825999999999,24.819825999999999,53.38898200000000,1.42536600000000,13.840308000000000,10.69518500000000
07-20-23,30,female,naturally ventilated,multifamily housing,Cfb,summer,27.763512,28.099504,24.9,0.057033,38.57659,0.53675,1.0,2,-1.0,0.71,0.71,0.72,0.16,1.0,0.9,0.8,26.9,0.695,0.735875,0.957049,1.541441,1.323019,1.236,27.3,0.98,0.345,0.216739,1.0,45.75,4.85,24.100798000000001,24.100798000000001,60.01305800000000,3.342203000000000,11.976680999999999,10.16826300000000,24.87586200000000,24.87586200000000,56.246957000000002,1.4475910000000001,13.291836999999999,9.74826800000000,24.819825999999999,24.819825999999999,53.38898200000000,1.42536600000000,13.840308000000000,10.69518500000000
07-21-23,28,male,naturally ventilated,multifamily housing,Cfb,summer,26.068727,26.571342,24.7,0.128753,45.013948,0.3447,1.2,0,0.0,0.08,0.08,0.08,0.02,0.3,0.1,0.3,24.2,0.02,0.020032,0.027541,0.62021,0.454652,0.588,25.37,0.401,0.229,-0.185049,0.0,45.75,4.85,24.04672100000000,24.04672100000000,57.18239400000000,1.421454000000000,13.23508500000000,10.580681000000000,25.195515000000000,25.195515000000000,53.91709800000000,1.1871419999999999,13.183890000000000,10.538974000000000,24.785883999999999,24.785883999999999,51.44954900000000,0.7620120000000000,13.8723640000000,10.809308000000000
07-21-23,28,male,naturally ventilated,multifamily housing,Cfb,summer,26.665803,27.153126,24.7,0.057033,44.74778,0.52005,1.0,0,0.0,0.36,0.36,0.36,0.08,0.7,0.7,0.6,26.0,0.47,0.488344,0.647213,1.210771,0.98927,1.02,26.55,0.755,0.224,0.43298,0.0,45.75,4.85,24.04672100000000,24.04672100000000,57.18239400000000,1.421454000000000,13.23508500000000,10.580681000000000,25.195515000000000,25.195515000000000,53.91709800000000,1.1871419999999999,13.183890000000000,10.538974000000000,24.785883999999999,24.785883999999999,51.44954900000000,0.7620120000000000,13.8723640000000,10.809308000000000
07-22-23,28,male,naturally ventilated,multifamily housing,Cfb,summer,26.498568,27.415422,24.3,0.057033,45.732635,0.4449,0.8,1,-1.0,-0.78,-0.78,-0.77,-0.23,0.0,-0.1,0.0,25.2,0.27,0.275955,0.371803,0.949022,0.757964,0.828,26.05,0.605,0.002,-0.057678,1.0,45.75,4.85,24.21154600000000,24.21154600000000,55.35354800000000,1.364802000000000,13.285254000000000,10.725752999999999,25.217867999999999,25.217867999999999,52.49751600000000,1.1088560000000001,13.449703000000000,10.459702999999999,24.649863000000000,24.649863000000000,52.85238600000000,1.7359860000000000,13.773047999999999,12.057084000000000
07-22-23,28,male,naturally ventilated,multifamily housing,Cfb,summer,27.495438,27.881859,24.3,0.128753,38.992988,0.3614,1.6,2,-1.0,1.01,1.01,1.03,0.26,0.7,0.3,0.7,25.6,0.37,0.381275,0.509508,1.108151,0.942056,0.924,27.43,1.019,0.505,0.39038,1.0,45.75,4.85,24.21154600000000,24.21154600000000,55.35354800000000,1.364802000000000,13.285254000000000,10.725752999999999,25.217867999999999,25.217867999999999,52.49751600000000,1.1088560000000001,13.449703000000000,10.459702999999999,24.649863000000000,24.649863000000000,52.85238600000000,1.7359860000000000,13.773047999999999,12.057084000000000
07-22-23,30,female,naturally ventilated,multifamily housing,Cfb,summer,27.358439,27.646061,24.3,0.057033,46.802626,0.3614,1.2,1,-1.0,0.68,0.68,0.69,0.17,0.7,0.5,0.6,25.6,0.37,0.381275,0.509508,1.103954,0.931772,0.924,27.82,1.136,0.47,0.695425,1.0,45.75,4.85,24.21154600000000,24.21154600000000,55.35354800000000,1.364802000000000,13.285254000000000,10.725752999999999,25.217867999999999,25.217867999999999,52.49751600000000,1.1088560000000001,13.449703000000000,10.459702999999999,24.649863000000000,24.649863000000000,52.85238600000000,1.7359860000000000,13.773047999999999,12.057084000000000
07-22-23,28,male,naturally ventilated,multifamily housing,Cfb,summer,27.473607,27.737114,24.3,0.128753,47.727581,0.4449,1.3,2,-1.0,0.84,0.84,0.86,0.21,0.8,0.6,0.8,26.5,0.595,0.624707,0.819344,1.400213,1.189317,1.14,27.45,1.025,0.463,-0.072889,1.0,45.75,4.85,24.21154600000000,24.21154600000000,55.35354800000000,1.364802000000000,13.285254000000000,10.725752999999999,25.217867999999999,25.217867999999999,52.49751600000000,1.1088560000000001,13.449703000000000,10.459702999999999,24.649863000000000,24.649863000000000,52.85238600000000,1.7359860000000000,13.773047999999999,12.057084000000000
07-23-23,28,male,naturally ventilated,multifamily housing,Cfb,summer,26.350163,26.641686,24.1,0.057033,44.634857,0.4783,1.55,0,0.0,0.93,0.93,0.95,0.24,0.6,0.5,0.7,25.9,0.445,0.46141,0.612787,1.167981,0.937872,0.996,27.73,1.109,0.421,0.425917,0.0,45.75,4.85,24.43384400000000,24.43384400000000,54.93281500000000,1.2706780000000000,13.321707999999999,9.038785000000001,25.107510999999999,25.107510999999999,52.3264010000000,0.9610090000000000,13.471009000000000,9.832497000000000,23.805900999999999,23.805900999999999,52.05779700000000,0.741357000000000,13.824970000000000,8.347453000000000
07-23-23,28,male,naturally ventilated,multifamily housing,Cfb,summer,27.399502,27.757398,24.1,0.057033,43.961881,0.3447,1.4,0,0.0,0.91,0.91,0.93,0.24,0.6,0.3,0.7,25.5,0.345,0.354782,0.475082,1.072922,0.907224,0.9,28.46,1.328,0.529,0.638005,0.0,45.75,4.85,24.43384400000000,24.43384400000000,54.93281500000000,1.2706780000000000,13.321707999999999,9.038785000000001,25.107510999999999,25.107510999999999,52.3264010000000,0.9610090000000000,13.471009000000000,9.832497000000000,23.805900999999999,23.805900999999999,52.05779700000000,0.741357000000000,13.824970000000000,8.347453000000000
07-23-23,28,male,naturally ventilated,multifamily housing,Cfb,summer,28.429566,28.749166,24.1,0.211918,45.297737,0.5618,1.266667,1,-1.0,1.1,0.93,1.13,0.29,1.2,1.1,1.0,28.2,1.02,1.110531,1.40459,1.999354,1.73991,1.548,27.91,1.163,0.535,0.518126,1.0,45.75,4.85,24.43384400000000,24.43384400000000,54.93281500000000,1.2706780000000000,13.321707999999999,9.038785000000001,25.107510999999999,25.107510999999999,52.3264010000000,0.9610090000000000,13.471009000000000,9.832497000000000,23.805900999999999,23.805900999999999,52.05779700000000,0.741357000000000,13.824970000000000,8.347453000000000
07-23-23,28,male,naturally ventilated,multifamily housing,Cfb,summer,28.20161,28.337692,24.1,0.586796,49.473301,0.3948,0.8,0,0.0,-1.31,-1.34,-1.27,-0.38,-0.1,-0.5,-0.1,24.0,-0.03,-0.029928,-0.041311,0.613552,0.548507,0.54,25.37,0.401,-0.047,-0.367655,0.0,45.75,4.85,24.43384400000000,24.43384400000000,54.93281500000000,1.2706780000000000,13.321707999999999,9.038785000000001,25.107510999999999,25.107510999999999,52.3264010000000,0.9610090000000000,13.471009000000000,9.832497000000000,23.805900999999999,23.805900999999999,52.05779700000000,0.741357000000000,13.824970000000000,8.347453000000000
07-24-23,28,male,naturally ventilated,multifamily housing,Cfb,summer,28.115395,28.441604,24.7,0.057033,60.480502,0.5618,1.0,1,-1.0,1.1,1.1,1.13,0.25,1.3,1.5,1.0,28.5,1.095,1.200019,1.507869,2.08872,1.797111,1.62,29.44,1.622,0.488,0.752468,1.0,45.75,4.85,24.4860000000000,24.4860000000000,54.4640790000000,1.1830449999999999,13.351350999999999,10.507154999999999,25.28083700000000,25.28083700000000,52.560191000000003,0.8328740000000000,13.563238999999999,10.195042000000001,24.70566800000000,24.70566800000000,49.255284000000003,0.1555660000000000,13.857046000000000,10.225538999999999
07-24-23,28,male,naturally ventilated,multifamily housing,Cfb,summer,27.081296,27.535514,24.7,0.057033,55.550596,0.3948,1.3,2,-1.0,0.86,0.86,0.88,0.22,0.7,0.6,0.7,26.1,0.495,0.51539,0.681639,1.25691,1.048559,1.044,28.55,1.355,0.498,0.515527,1.0,45.75,4.85,24.4860000000000,24.4860000000000,54.4640790000000,1.1830449999999999,13.351350999999999,10.507154999999999,25.28083700000000,25.28083700000000,52.560191000000003,0.8328740000000000,13.563238999999999,10.195042000000001,24.70566800000000,24.70566800000000,49.255284000000003,0.1555660000000000,13.857046000000000,10.225538999999999
07-25-23,28,male,naturally ventilated,multifamily housing,Cfb,summer,26.319002,26.989562,24.0,0.128753,51.562562,0.3948,0.8,0,0.0,-1.23,-1.23,-1.2,-0.36,0.0,-0.1,-0.1,24.7,0.145,0.1467,0.199672,0.78489,0.608475,0.708,25.32,0.386,-0.076,-0.152841,0.0,45.75,4.85,24.023540000000001,24.023540000000001,54.93232600000000,2.46007600000000,12.994956999999999,10.701231000000000,25.11107700000,25.11107700000,54.891148999999999,3.348491000000000,12.598239000000000,10.682199000000001,24.81221700000000,24.81221700000000,55.06243100000000,4.988281000000000,12.447001999999999,9.519472000000000
07-25-23,28,male,naturally ventilated,multifamily housing,Cfb,summer,25.681351,26.457075,24.0,0.128753,45.36566,0.5618,1.0,0,0.0,-0.02,-0.02,-0.02,-0.01,0.6,0.5,0.4,25.5,0.345,0.354782,0.475082,1.017772,0.778847,0.9,24.86,0.248,0.059,0.410652,0.0,45.75,4.85,24.023540000000001,24.023540000000001,54.93232600000000,2.46007600000000,12.994956999999999,10.701231000000000,25.11107700000,25.11107700000,54.891148999999999,3.348491000000000,12.598239000000000,10.682199000000001,24.81221700000000,24.81221700000000,55.06243100000000,4.988281000000000,12.447001999999999,9.519472000000000
07-25-23,30,female,naturally ventilated,multifamily housing,Cfb,summer,25.022689,25.913971,24.0,0.057033,45.593152,0.3614,0.8,2,-1.0,-1.85,-1.85,-1.78,-0.54,-0.3,-0.4,-0.2,23.0,-0.28,-0.273871,-0.385574,0.219708,0.059657,0.3,24.25,0.065,-0.215,-1.426732,1.0,45.75,4.85,24.023540000000001,24.023540000000001,54.93232600000000,2.46007600000000,12.994956999999999,10.701231000000000,25.11107700000,25.11107700000,54.891148999999999,3.348491000000000,12.598239000000000,10.682199000000001,24.81221700000000,24.81221700000000,55.06243100000000,4.988281000000000,12.447001999999999,9.519472000000000
07-26-23,28,male,naturally ventilated,multifamily housing,Cfb,summer,23.928533,25.550714,22.7,0.128753,45.693788,0.5618,0.8,-1,1.0,-1.73,-1.73,-1.67,-0.5,-0.2,-0.3,-0.2,23.6,-0.13,-0.128663,-0.179016,0.370991,0.145964,0.444,22.76,-0.382,-0.348,-0.474375,-1.0,45.75,4.85,23.873614000000000,23.873614000000000,54.93817900000000,2.34558800000000,13.021542999999999,10.786332000000000,23.815556000000001,23.815556000000001,56.98138800000000,3.925838000000000,11.565690999999999,10.449733000000000,23.538195999999999,23.538195999999999,55.041176999999998,3.941211000000000,12.671010000000001,11.01297800000000
07-26-23,28,male,naturally ventilated,multifamily housing,Cfb,summer,26.238032,26.430893,22.7,0.128753,48.137031,0.35305,1.4,0,0.0,0.46,0.46,0.46,0.12,0.4,0.2,0.4,24.5,0.095,0.095727,0.13082,0.719385,0.548204,0.66,26.14,0.632,0.351,0.004983,0.0,45.75,4.85,23.873614000000000,23.873614000000000,54.93817900000000,2.34558800000000,13.021542999999999,10.786332000000000,23.815556000000001,23.815556000000001,56.98138800000000,3.925838000000000,11.565690999999999,10.449733000000000,23.538195999999999,23.538195999999999,55.041176999999998,3.941211000000000,12.671010000000001,11.01297800000000
07-27-23,28,male,naturally ventilated,multifamily housing,Cfb,summer,25.536683,25.929437,21.6,0.057033,48.706733,0.3948,1.3,1,-1.0,0.33,0.33,0.33,0.08,0.3,0.1,0.3,24.2,0.02,0.020032,0.027541,0.604651,0.417315,0.588,26.18,0.644,0.32,0.295283,1.0,45.75,4.85,23.622985000000000,23.622985000000000,57.36100700000000,4.868350000000000,12.706364000000001,9.235333000000001,23.040603000000001,23.040603000000001,54.89933700000000,2.8354580000000000,13.234489000000000,10.191096999999999,22.21437100000000,22.21437100000000,55.59644500000000,3.030908000000000,12.949608000000000,9.74310000000000
07-27-23,28,male,naturally ventilated,multifamily housing,Cfb,summer,24.394422,24.894716,21.6,0.128753,45.213105,0.4783,1.55,0,0.0,0.39,0.39,0.39,0.1,0.2,0.1,0.3,24.2,0.02,0.020032,0.027541,0.569278,0.337157,0.588,24.41,0.113,0.175,0.372134,0.0,45.75,4.85,23.622985000000000,23.622985000000000,57.36100700000000,4.868350000000000,12.706364000000001,9.235333000000001,23.040603000000001,23.040603000000001,54.89933700000000,2.8354580000000000,13.234489000000000,10.191096999999999,22.21437100000000,22.21437100000000,55.59644500000000,3.030908000000000,12.949608000000000,9.74310000000000
07-27-23,25,male,naturally ventilated,multifamily housing,Cfb,summer,26.219735,26.206475,21.6,0.057033,47.978787,0.3614,1.6,2,-1.0,0.8,0.8,0.81,0.21,0.4,0.2,0.5,24.7,0.145,0.1467,0.199672,0.781917,0.601335,0.708,27.79,1.127,0.452,0.892274,1.0,45.75,4.85,23.622985000000000,23.622985000000000,57.36100700000000,4.868350000000000,12.706364000000001,9.235333000000001,23.040603000000001,23.040603000000001,54.89933700000000,2.8354580000000000,13.234489000000000,10.191096999999999,22.21437100000000,22.21437100000000,55.59644500000000,3.030908000000000,12.949608000000000,9.74310000000000
07-27-23,25,male,naturally ventilated,multifamily housing,Cfb,summer,26.716526,26.841197,21.6,0.057033,44.730338,0.3614,0.8,-1,0.0,-1.11,-1.11,-1.08,-0.32,-0.1,-0.2,-0.1,24.4,0.07,0.070394,0.096393,0.701582,0.554893,0.636,25.75,0.515,0.059,-0.185514,-1.0,45.75,4.85,23.622985000000000,23.622985000000000,57.36100700000000,4.868350000000000,12.706364000000001,9.235333000000001,23.040603000000001,23.040603000000001,54.89933700000000,2.8354580000000000,13.234489000000000,10.191096999999999,22.21437100000000,22.21437100000000,55.59644500000000,3.030908000000000,12.949608000000000,9.74310000000000
07-27-23,24,female,naturally ventilated,multifamily housing,Cfb,summer,26.973894,27.224853,21.6,0.057033,47.829216,0.53675,1.1,1,0.0,0.67,0.67,0.68,0.17,0.9,0.8,0.7,26.6,0.62,0.652324,0.85377,1.415748,1.177714,1.164,27.29,0.977,0.442,0.719072,1.0,45.75,4.85,23.622985000000000,23.622985000000000,57.36100700000000,4.868350000000000,12.706364000000001,9.235333000000001,23.040603000000001,23.040603000000001,54.89933700000000,2.8354580000000000,13.234489000000000,10.191096999999999,22.21437100000000,22.21437100000000,55.59644500000000,3.030908000000000,12.949608000000000,9.74310000000000
07-27-23,25,male,naturally ventilated,multifamily housing,Cfb,summer,27.199705,27.534447,21.6,0.057033,48.802672,0.3614,0.8,0,0.0,-0.74,-0.74,-0.73,-0.21,0.0,-0.1,0.0,25.2,0.27,0.275955,0.371803,0.970376,0.809616,0.828,26.74,0.812,0.161,-0.056086,0.0,45.75,4.85,23.622985000000000,23.622985000000000,57.36100700000000,4.868350000000000,12.706364000000001,9.235333000000001,23.040603000000001,23.040603000000001,54.89933700000000,2.8354580000000000,13.234489000000000,10.191096999999999,22.21437100000000,22.21437100000000,55.59644500000000,3.030908000000000,12.949608000000000,9.74310000000000
07-27-23,24,female,naturally ventilated,multifamily housing,Cfb,summer,27.200723,27.539143,21.6,0.057033,48.15004,0.53675,0.9,0,0.0,0.21,0.21,0.21,0.04,0.7,0.6,0.6,26.4,0.57,0.597206,0.784918,1.358383,1.140414,1.116,27.1,0.92,0.277,0.449358,0.0,45.75,4.85,23.622985000000000,23.622985000000000,57.36100700000000,4.868350000000000,12.706364000000001,9.235333000000001,23.040603000000001,23.040603000000001,54.89933700000000,2.8354580000000000,13.234489000000000,10.191096999999999,22.21437100000000,22.21437100000000,55.59644500000000,3.030908000000000,12.949608000000000,9.74310000000000
07-28-23,24,female,naturally ventilated,multifamily housing,Cfb,summer,25.15703,24.931146,21.9,0.211918,63.733651,0.53675,1.1,0,0.0,-0.23,-0.21,-0.23,-0.07,0.3,0.3,0.2,24.3,0.045,0.045162,0.061967,0.624255,0.417519,0.612,24.65,0.185,0.061,0.052184,0.0,45.75,4.85,23.135520000000000,23.135520000000000,57.537913000000003,2.869394000000000,12.537260000000000,10.255663999999999,23.263120000000001,23.263120000000001,53.9514490000000,2.1471860000000000,13.311880000000000,10.546441000000000,22.307158000000001,22.307158000000001,55.51785500000000,2.353272000000000,13.140568000000000,9.73414500000000
07-28-23,25,male,naturally ventilated,multifamily housing,Cfb,summer,25.164877,24.972827,21.9,0.128753,63.771359,0.26955,1.2,0,0.0,-0.4,-0.4,-0.4,-0.12,-0.1,-0.1,0.0,22.7,-0.355,-0.345206,-0.488852,0.131814,-0.011507,0.228,25.41,0.413,0.185,-0.28207,0.0,45.75,4.85,23.135520000000000,23.135520000000000,57.537913000000003,2.869394000000000,12.537260000000000,10.255663999999999,23.263120000000001,23.263120000000001,53.9514490000000,2.1471860000000000,13.311880000000000,10.546441000000000,22.307158000000001,22.307158000000001,55.51785500000000,2.353272000000000,13.140568000000000,9.73414500000000
07-28-23,24,female,naturally ventilated,multifamily housing,Cfb,summer,26.186573,27.018701,21.9,0.057033,59.583504,0.3614,1.2,1,-1.0,0.46,0.46,0.46,0.11,0.5,0.4,0.5,25.1,0.245,0.249893,0.337377,0.907471,0.707773,0.804,27.71,1.103,0.439,0.584424,1.0,45.75,4.85,23.135520000000000,23.135520000000000,57.537913000000003,2.869394000000000,12.537260000000000,10.255663999999999,23.263120000000001,23.263120000000001,53.9514490000000,2.1471860000000000,13.311880000000000,10.546441000000000,22.307158000000001,22.307158000000001,55.51785500000000,2.353272000000000,13.140568000000000,9.73414500000000
07-28-23,25,male,naturally ventilated,multifamily housing,Cfb,summer,26.640542,26.680245,21.9,0.357259,57.270029,0.26955,1.2,0,0.0,-1.07,-1.17,-1.05,-0.31,-0.3,-0.6,-0.1,21.1,-0.755,-0.712035,-1.039672,-0.32248,-0.353519,-0.156,23.85,-0.055,0.092,-0.843452,0.0,45.75,4.85,23.135520000000000,23.135520000000000,57.537913000000003,2.869394000000000,12.537260000000000,10.255663999999999,23.263120000000001,23.263120000000001,53.9514490000000,2.1471860000000000,13.311880000000000,10.546441000000000,22.307158000000001,22.307158000000001,55.51785500000000,2.353272000000000,13.140568000000000,9.73414500000000
07-28-23,24,female,naturally ventilated,multifamily housing,Cfb,summer,26.903314,27.321838,21.9,1.077,56.897635,0.3614,1.2,-1,1.0,-0.57,-0.82,-0.56,-0.17,-0.2,-0.5,0.0,22.2,-0.48,-0.462266,-0.660984,0.019335,-0.035907,0.108,24.31,0.083,0.13,-1.153429,-1.0,45.75,4.85,23.135520000000000,23.135520000000000,57.537913000000003,2.869394000000000,12.537260000000000,10.255663999999999,23.263120000000001,23.263120000000001,53.9514490000000,2.1471860000000000,13.311880000000000,10.546441000000000,22.307158000000001,22.307158000000001,55.51785500000000,2.353272000000000,13.140568000000000,9.73414500000000
07-28-23,24,female,naturally ventilated,multifamily housing,Cfb,summer,27.45305,27.559547,21.9,0.357259,57.683734,0.3614,1.2,0,-1.0,0.23,-0.01,0.23,0.06,0.5,0.3,0.4,24.8,0.17,0.172342,0.234098,0.849519,0.717687,0.732,26.46,0.728,0.382,0.467845,0.0,45.75,4.85,23.135520000000000,23.135520000000000,57.537913000000003,2.869394000000000,12.537260000000000,10.255663999999999,23.263120000000001,23.263120000000001,53.9514490000000,2.1471860000000000,13.311880000000000,10.546441000000000,22.307158000000001,22.307158000000001,55.51785500000000,2.353272000000000,13.140568000000000,9.73414500000000
07-28-23,25,male,naturally ventilated,multifamily housing,Cfb,summer,27.353616,27.701275,21.9,0.057033,55.515738,0.5618,0.8,0,0.0,-0.08,-0.08,-0.08,-0.02,0.4,0.5,0.5,26.7,0.645,0.680057,0.888197,1.461602,1.23516,1.188,27.6,1.07,0.202,0.630334,0.0,45.75,4.85,23.135520000000000,23.135520000000000,57.537913000000003,2.869394000000000,12.537260000000000,10.255663999999999,23.263120000000001,23.263120000000001,53.9514490000000,2.1471860000000000,13.311880000000000,10.546441000000000,22.307158000000001,22.307158000000001,55.51785500000000,2.353272000000000,13.140568000000000,9.73414500000000
07-28-23,25,male,naturally ventilated,multifamily housing,Cfb,summer,27.660234,28.095679,21.9,0.057033,54.200334,0.26955,1.6,2,-1.0,1.17,1.17,1.2,0.3,0.6,0.4,0.7,25.6,0.37,0.381275,0.509508,1.113152,0.954427,0.924,30.25,1.865,0.681,0.308431,1.0,45.75,4.85,23.135520000000000,23.135520000000000,57.537913000000003,2.869394000000000,12.537260000000000,10.255663999999999,23.263120000000001,23.263120000000001,53.9514490000000,2.1471860000000000,13.311880000000000,10.546441000000000,22.307158000000001,22.307158000000001,55.51785500000000,2.353272000000000,13.140568000000000,9.73414500000000
07-28-23,24,female,naturally ventilated,multifamily housing,Cfb,summer,27.669312,28.109745,21.9,0.057033,54.283227,0.53675,1.0,1,-1.0,0.85,0.85,0.87,0.19,1.1,1.2,0.9,27.6,0.87,0.935014,1.198033,1.769911,1.509587,1.404,28.45,1.325,0.478,0.726923,1.0,45.75,4.85,23.135520000000000,23.135520000000000,57.537913000000003,2.869394000000000,12.537260000000000,10.255663999999999,23.263120000000001,23.263120000000001,53.9514490000000,2.1471860000000000,13.311880000000000,10.546441000000000,22.307158000000001,22.307158000000001,55.51785500000000,2.353272000000000,13.140568000000000,9.73414500000000
07-29-23,24,female,naturally ventilated,multifamily housing,Cfb,summer,25.553151,25.622697,22.7,0.057033,60.652094,0.3614,1.2,0,0.0,0.12,0.12,0.12,0.03,0.2,0.2,0.2,24.0,-0.03,-0.029928,-0.041311,0.542878,0.364502,0.54,26.62,0.776,0.286,0.123296,0.0,45.75,4.85,23.087361999999999,23.087361999999999,58.001465000000003,1.8060959999999999,12.470952000000000,9.10715200000000,23.860769999999999,23.860769999999999,55.16664100000000,2.885940000000000,13.261922000000000,11.460986000000000,23.185497999999999,23.185497999999999,54.27326100000000,1.6848630000000000,13.275320000000001,8.519321000000000
07-29-23,25,male,naturally ventilated,multifamily housing,Cfb,summer,26.149126,26.464531,22.7,0.057033,60.183211,0.26955,1.2,0,0.0,0.18,0.18,0.18,0.04,0.2,0.1,0.2,24.0,-0.03,-0.029928,-0.041311,0.559866,0.405908,0.54,27.47,1.031,0.385,0.200365,0.0,45.75,4.85,23.087361999999999,23.087361999999999,58.001465000000003,1.8060959999999999,12.470952000000000,9.10715200000000,23.860769999999999,23.860769999999999,55.16664100000000,2.885940000000000,13.261922000000000,11.460986000000000,23.185497999999999,23.185497999999999,54.27326100000000,1.6848630000000000,13.275320000000001,8.519321000000000
07-29-23,25,male,naturally ventilated,multifamily housing,Cfb,summer,27.394896,27.543984,22.7,0.057033,57.511018,0.4449,0.8,2,-1.0,-0.35,-0.35,-0.35,-0.1,0.2,0.2,0.4,25.9,0.445,0.46141,0.612787,1.202198,1.017393,0.996,27.61,1.073,0.178,0.096175,1.0,45.75,4.85,23.087361999999999,23.087361999999999,58.001465000000003,1.8060959999999999,12.470952000000000,9.10715200000000,23.860769999999999,23.860769999999999,55.16664100000000,2.885940000000000,13.261922000000000,11.460986000000000,23.185497999999999,23.185497999999999,54.27326100000000,1.6848630000000000,13.275320000000001,8.519321000000000
07-29-23,25,male,naturally ventilated,multifamily housing,Cfb,summer,27.502993,27.898846,22.7,0.568,56.118519,0.4449,0.8,1,0.0,-1.4,-1.39,-1.36,-0.41,-0.1,-0.4,-0.1,23.9,-0.055,-0.054759,-0.075738,0.56439,0.472304,0.516,25.32,0.386,-0.085,-0.676356,1.0,45.75,4.85,23.087361999999999,23.087361999999999,58.001465000000003,1.8060959999999999,12.470952000000000,9.10715200000000,23.860769999999999,23.860769999999999,55.16664100000000,2.885940000000000,13.261922000000000,11.460986000000000,23.185497999999999,23.185497999999999,54.27326100000000,1.6848630000000000,13.275320000000001,8.519321000000000
07-29-23,24,female,naturally ventilated,multifamily housing,Cfb,summer,27.94037,28.170925,22.7,0.916,58.795051,0.3614,1.2,0,0.0,0.03,-0.39,0.03,0.01,0.2,-0.1,0.2,23.5,-0.155,-0.153103,-0.213443,0.448512,0.391263,0.42,25.89,0.557,0.327,-0.183246,0.0,45.75,4.85,23.087361999999999,23.087361999999999,58.001465000000003,1.8060959999999999,12.470952000000000,9.10715200000000,23.860769999999999,23.860769999999999,55.16664100000000,2.885940000000000,13.261922000000000,11.460986000000000,23.185497999999999,23.185497999999999,54.27326100000000,1.6848630000000000,13.275320000000001,8.519321000000000
07-29-23,25,male,naturally ventilated,multifamily housing,Cfb,summer,27.94037,28.170925,22.7,0.568,58.795051,0.26955,1.2,1,0.0,-0.02,-0.34,-0.02,-0.01,0.2,-0.1,0.2,23.5,-0.155,-0.153103,-0.213443,0.448512,0.391263,0.42,26.33,0.689,0.393,-1.173397,1.0,45.75,4.85,23.087361999999999,23.087361999999999,58.001465000000003,1.8060959999999999,12.470952000000000,9.10715200000000,23.860769999999999,23.860769999999999,55.16664100000000,2.885940000000000,13.261922000000000,11.460986000000000,23.185497999999999,23.185497999999999,54.27326100000000,1.6848630000000000,13.275320000000001,8.519321000000000
07-29-23,25,male,naturally ventilated,multifamily housing,Cfb,summer,27.220931,27.58383,22.7,0.057033,56.414215,0.65365,1.3,1,-1.0,1.19,1.19,1.22,0.32,1.1,1.2,1.0,28.4,1.07,1.170059,1.473442,2.019157,1.693333,1.596,28.95,1.475,0.555,-0.244548,1.0,45.75,4.85,23.087361999999999,23.087361999999999,58.001465000000003,1.8060959999999999,12.470952000000000,9.10715200000000,23.860769999999999,23.860769999999999,55.16664100000000,2.885940000000000,13.261922000000000,11.460986000000000,23.185497999999999,23.185497999999999,54.27326100000000,1.6848630000000000,13.275320000000001,8.519321000000000
07-30-23,25,male,naturally ventilated,multifamily housing,Cfb,summer,25.559373,25.977741,22.5,0.128753,55.20389,0.26955,1.2,0,0.0,-0.21,-0.21,-0.21,-0.06,0.1,-0.1,0.0,23.3,-0.205,-0.201695,-0.282295,0.326256,0.176028,0.372,25.49,0.437,0.236,-0.082282,0.0,45.75,4.85,23.343999000000000,23.343999000000000,58.748438999999998,3.7902559999999998,12.629277999999999,9.146482000000001,23.06597100000000,23.06597100000000,58.628495000000001,5.854675000000000,12.609724000000000,8.388210000000001,23.315279000000000,23.315279000000000,59.303261999999997,8.613647000000000,11.973716000000000,8.887911000000001
07-30-23,25,male,naturally ventilated,multifamily housing,Cfb,summer,27.34138,27.665647,22.5,0.568,53.69226,0.4449,0.8,-1,1.0,-1.55,-1.52,-1.5,-0.45,-0.2,-0.5,-0.1,23.6,-0.13,-0.128663,-0.179016,0.465634,0.378304,0.444,24.9,0.26,-0.122,-0.522427,-1.0,45.75,4.85,23.343999000000000,23.343999000000000,58.748438999999998,3.7902559999999998,12.629277999999999,9.146482000000001,23.06597100000000,23.06597100000000,58.628495000000001,5.854675000000000,12.609724000000000,8.388210000000001,23.315279000000000,23.315279000000000,59.303261999999997,8.613647000000000,11.973716000000000,8.887911000000001
07-30-23,25,male,naturally ventilated,multifamily housing,Cfb,summer,27.825181,28.093526,22.5,0.568,52.336336,0.26955,1.2,0,0.0,-0.13,-0.43,-0.13,-0.04,0.1,-0.3,0.1,23.3,-0.205,-0.201695,-0.282295,0.382707,0.327905,0.372,25.61,0.473,0.354,-1.251191,0.0,45.75,4.85,23.343999000000000,23.343999000000000,58.748438999999998,3.7902559999999998,12.629277999999999,9.146482000000001,23.06597100000000,23.06597100000000,58.628495000000001,5.854675000000000,12.609724000000000,8.388210000000001,23.315279000000000,23.315279000000000,59.303261999999997,8.613647000000000,11.973716000000000,8.887911000000001
07-30-23,25,male,naturally ventilated,multifamily housing,Cfb,summer,25.703284,25.532669,22.5,0.057033,39.757274,0.53675,0.8,0,0.0,-1.23,-1.23,-1.2,-0.36,-0.1,-0.2,-0.1,24.2,0.02,0.020032,0.027541,0.609583,0.429007,0.588,24.2,0.05,-0.157,-1.388837,0.0,45.75,4.85,23.343999000000000,23.343999000000000,58.748438999999998,3.7902559999999998,12.629277999999999,9.146482000000001,23.06597100000000,23.06597100000000,58.628495000000001,5.854675000000000,12.609724000000000,8.388210000000001,23.315279000000000,23.315279000000000,59.303261999999997,8.613647000000000,11.973716000000000,8.887911000000001
07-31-23,25,male,naturally ventilated,multifamily housing,Cfb,summer,25.441597,25.517638,22.1,0.128753,44.67281,0.3614,1.2,-1,1.0,-0.17,-0.17,-0.17,-0.05,0.1,0.0,0.1,23.5,-0.155,-0.153103,-0.213443,0.384773,0.222025,0.42,24.44,0.122,0.171,-1.228961,-1.0,45.75,4.85,23.173552000000001,23.173552000000001,58.09323200000000,3.360782000000000,12.396663000000000,9.27181900000000,23.086787999999999,23.086787999999999,58.06263000000000,4.762762000000000,12.641095999999999,8.802980000000000,22.408867000000001,22.408867000000001,64.15528000000000,9.26486800000000,11.39119400000000,8.116370999999999
07-31-23,25,male,naturally ventilated,multifamily housing,Cfb,summer,27.334827,27.659276,22.1,0.057,51.172528,0.26955,1.2,1,-1.0,0.56,0.56,0.57,0.14,0.5,0.3,0.5,25.0,0.22,0.223937,0.302951,0.910205,0.764357,0.78,28.15,1.235,0.533,0.768454,1.0,45.75,4.85,23.173552000000001,23.173552000000001,58.09323200000000,3.360782000000000,12.396663000000000,9.27181900000000,23.086787999999999,23.086787999999999,58.06263000000000,4.762762000000000,12.641095999999999,8.802980000000000,22.408867000000001,22.408867000000001,64.15528000000000,9.26486800000000,11.39119400000000,8.116370999999999
07-31-23,24,female,naturally ventilated,multifamily housing,Cfb,summer,27.334827,27.659276,22.1,0.568,51.172528,0.4783,1.6,2,-1.0,0.83,0.28,0.85,0.21,0.7,0.5,0.7,26.2,0.52,0.542548,0.716065,1.297728,1.095642,1.068,25.78,0.524,0.4,-0.713322,1.0,45.75,4.85,23.173552000000001,23.173552000000001,58.09323200000000,3.360782000000000,12.396663000000000,9.27181900000000,23.086787999999999,23.086787999999999,58.06263000000000,4.762762000000000,12.641095999999999,8.802980000000000,22.408867000000001,22.408867000000001,64.15528000000000,9.26486800000000,11.39119400000000,8.116370999999999
08-01-23,25,male,naturally ventilated,multifamily housing,Cfb,summer,25.144035,24.94417,22.1,0.128753,41.286111,0.3614,1.2,0,0.0,-0.34,-0.34,-0.34,-0.1,0.0,-0.2,0.0,23.0,-0.28,-0.273871,-0.385574,0.222958,0.067664,0.3,23.72,-0.094,0.101,-0.463161,0.0,45.75,4.85,23.251808000000000,23.251808000000000,58.386586000000001,3.142526000000000,12.983025000000000,8.38867300000000,23.17604400000000,23.17604400000000,58.650754999999997,4.073778000000000,12.76495400000000,8.089587999999999,21.617253999999999,21.617253999999999,61.66352200000000,4.425806000000000,12.631538000000001,7.958854000000000
08-01-23,24,female,naturally ventilated,multifamily housing,Cfb,summer,25.454299,27.084166,22.1,0.128753,46.063726,0.3614,1.2,0,0.0,0.09,0.09,0.09,0.02,0.3,0.1,0.3,24.3,0.045,0.045162,0.061967,0.633345,0.438484,0.612,25.3,0.38,0.276,-0.956398,0.0,45.75,4.85,23.251808000000000,23.251808000000000,58.386586000000001,3.142526000000000,12.983025000000000,8.38867300000000,23.17604400000000,23.17604400000000,58.650754999999997,4.073778000000000,12.76495400000000,8.089587999999999,21.617253999999999,21.617253999999999,61.66352200000000,4.425806000000000,12.631538000000001,7.958854000000000
08-01-23,25,male,naturally ventilated,multifamily housing,Cfb,summer,26.716468,27.111146,22.1,0.211918,42.644395,0.3614,1.2,-1,1.0,0.1,0.04,0.1,0.02,0.5,0.2,0.4,24.9,0.195,0.198087,0.268525,0.86015,0.691844,0.756,25.22,0.356,0.295,-0.065737,-1.0,45.75,4.85,23.251808000000000,23.251808000000000,58.386586000000001,3.142526000000000,12.983025000000000,8.38867300000000,23.17604400000000,23.17604400000000,58.650754999999997,4.073778000000000,12.76495400000000,8.089587999999999,21.617253999999999,21.617253999999999,61.66352200000000,4.425806000000000,12.631538000000001,7.958854000000000
08-01-23,24,female,naturally ventilated,multifamily housing,Cfb,summer,27.278258,28.768082,22.1,0.057033,49.957601,0.3614,1.2,2,-1.0,0.87,0.87,0.89,0.22,0.8,0.6,0.7,26.2,0.52,0.542548,0.716065,1.295869,1.091276,1.068,28.61,1.373,0.596,0.886731,1.0,45.75,4.85,23.251808000000000,23.251808000000000,58.386586000000001,3.142526000000000,12.983025000000000,8.38867300000000,23.17604400000000,23.17604400000000,58.650754999999997,4.073778000000000,12.76495400000000,8.089587999999999,21.617253999999999,21.617253999999999,61.66352200000000,4.425806000000000,12.631538000000001,7.958854000000000
08-01-23,25,male,naturally ventilated,multifamily housing,Cfb,summer,27.892024,28.603952,22.1,0.057033,46.493789,0.3614,1.2,1,0.0,0.93,0.93,0.95,0.24,0.9,0.6,0.8,26.3,0.545,0.56982,0.750492,1.348442,1.166439,1.092,28.64,1.382,0.618,0.110863,1.0,45.75,4.85,23.251808000000000,23.251808000000000,58.386586000000001,3.142526000000000,12.983025000000000,8.38867300000000,23.17604400000000,23.17604400000000,58.650754999999997,4.073778000000000,12.76495400000000,8.089587999999999,21.617253999999999,21.617253999999999,61.66352200000000,4.425806000000000,12.631538000000001,7.958854000000000
08-01-23,25,male,naturally ventilated,multifamily housing,Cfb,summer,27.786295,28.137621,22.1,0.568,46.227819,0.53675,0.8,-1,1.0,-0.98,-1.07,-0.96,-0.28,0.0,-0.4,-0.1,24.7,0.145,0.1467,0.199672,0.826688,0.714006,0.708,25.08,0.314,-0.054,-0.239942,-1.0,45.75,4.85,23.251808000000000,23.251808000000000,58.386586000000001,3.142526000000000,12.983025000000000,8.38867300000000,23.17604400000000,23.17604400000000,58.650754999999997,4.073778000000000,12.76495400000000,8.089587999999999,21.617253999999999,21.617253999999999,61.66352200000000,4.425806000000000,12.631538000000001,7.958854000000000
08-02-23,25,male,naturally ventilated,multifamily housing,Cfb,summer,24.048038,23.680347,22.4,0.211918,52.784848,0.3614,1.2,-1,0.0,-0.93,-0.84,-0.91,-0.27,-0.3,-0.3,0.0,22.0,-0.53,-0.508462,-0.729836,-0.108395,-0.269235,0.06,22.57,-0.439,-0.117,-0.705777,-1.0,45.75,4.85,23.081752999999999,23.081752999999999,58.48651000000000,2.99422400000000,12.662934999999999,8.752411000000000,22.997800999999999,22.997800999999999,57.084519999999998,3.610607000000000,12.195378000000000,9.055636000000000,21.84904900000000,21.84904900000000,59.30763100000000,3.402612000000000,11.63940300000000,8.083112000000000
08-02-23,25,male,naturally ventilated,multifamily housing,Cfb,summer,27.214513,27.512251,22.4,0.057033,47.680006,0.53675,1.1,1,-1.0,0.76,0.76,0.77,0.19,0.9,0.9,0.8,26.8,0.67,0.707907,0.922623,1.489512,1.251748,1.212,27.59,1.067,0.461,0.418867,1.0,45.75,4.85,23.081752999999999,23.081752999999999,58.48651000000000,2.99422400000000,12.662934999999999,8.752411000000000,22.997800999999999,22.997800999999999,57.084519999999998,3.610607000000000,12.195378000000000,9.055636000000000,21.84904900000000,21.84904900000000,59.30763100000000,3.402612000000000,11.63940300000000,8.083112000000000
08-02-23,25,male,naturally ventilated,multifamily housing,Cfb,summer,27.433317,27.783731,22.4,0.057033,48.922519,0.26955,1.75,2,-1.0,1.21,1.21,1.24,0.31,0.6,0.3,0.7,25.2,0.27,0.275955,0.371803,0.977281,0.826826,0.828,29.93,1.769,0.629,0.229345,1.0,45.75,4.85,23.081752999999999,23.081752999999999,58.48651000000000,2.99422400000000,12.662934999999999,8.752411000000000,22.997800999999999,22.997800999999999,57.084519999999998,3.610607000000000,12.195378000000000,9.055636000000000,21.84904900000000,21.84904900000000,59.30763100000000,3.402612000000000,11.63940300000000,8.083112000000000
08-02-23,24,female,naturally ventilated,multifamily housing,Cfb,summer,27.651384,28.019307,22.4,0.129,49.369191,0.65365,1.3,1,-1.0,1.15,1.15,1.18,0.31,1.1,1.2,1.1,28.4,1.07,1.170059,1.473442,2.036614,1.729858,1.596,28.15,1.235,0.539,0.597499,1.0,45.75,4.85,23.081752999999999,23.081752999999999,58.48651000000000,2.99422400000000,12.662934999999999,8.752411000000000,22.997800999999999,22.997800999999999,57.084519999999998,3.610607000000000,12.195378000000000,9.055636000000000,21.84904900000000,21.84904900000000,59.30763100000000,3.402612000000000,11.63940300000000,8.083112000000000
08-03-23,25,male,naturally ventilated,multifamily housing,Cfb,summer,25.762977,25.928554,23.1,0.057033,41.418419,0.26955,1.2,0,0.0,-0.13,-0.13,-0.13,-0.04,0.0,-0.2,0.0,23.1,-0.255,-0.249907,-0.351147,0.269936,0.13556,0.324,25.48,0.434,0.246,-0.11916,0.0,45.75,4.85,23.337112999999999,23.337112999999999,57.562150000000003,2.814769000000000,12.683042000000000,9.224522000000000,23.019673000000001,23.019673000000001,55.904369000000003,3.1291929999999999,12.325381000000000,10.102811000000001,23.16926300000000,23.16926300000000,56.00051200000000,2.511914000000000,12.004057000000000,11.089867999999999
08-03-23,24,female,naturally ventilated,multifamily housing,Cfb,summer,24.891972,26.755027,23.1,0.057033,48.558718,0.3614,1.2,0,0.0,0.08,0.08,0.08,0.02,0.2,0.1,0.2,24.0,-0.03,-0.029928,-0.041311,0.52321,0.318566,0.54,25.91,0.563,0.255,0.113609,0.0,45.75,4.85,23.337112999999999,23.337112999999999,57.562150000000003,2.814769000000000,12.683042000000000,9.224522000000000,23.019673000000001,23.019673000000001,55.904369000000003,3.1291929999999999,12.325381000000000,10.102811000000001,23.16926300000000,23.16926300000000,56.00051200000000,2.511914000000000,12.004057000000000,11.089867999999999
08-03-23,25,male,naturally ventilated,multifamily housing,Cfb,summer,26.616319,26.765607,23.1,0.128753,36.195687,0.7288,1.3,1,-1.0,0.84,0.84,0.86,0.22,0.9,0.8,0.9,27.3,0.795,0.84894,1.094754,1.63126,1.341114,1.332,26.0,0.59,0.319,0.75062,1.0,45.75,4.85,23.337112999999999,23.337112999999999,57.562150000000003,2.814769000000000,12.683042000000000,9.224522000000000,23.019673000000001,23.019673000000001,55.904369000000003,3.1291929999999999,12.325381000000000,10.102811000000001,23.16926300000000,23.16926300000000,56.00051200000000,2.511914000000000,12.004057000000000,11.089867999999999
08-03-23,26,male,naturally ventilated,multifamily housing,Cfb,summer,26.616319,26.765607,23.1,0.128753,36.195687,0.6119,1.3,1,0.0,0.71,0.71,0.72,0.18,0.8,0.6,0.7,26.4,0.57,0.597206,0.784918,1.338278,1.09491,1.116,25.78,0.524,0.319,0.704752,1.0,45.75,4.85,23.337112999999999,23.337112999999999,57.562150000000003,2.814769000000000,12.683042000000000,9.224522000000000,23.019673000000001,23.019673000000001,55.904369000000003,3.1291929999999999,12.325381000000000,10.102811000000001,23.16926300000000,23.16926300000000,56.00051200000000,2.511914000000000,12.004057000000000,11.089867999999999
08-04-23,25,male,naturally ventilated,multifamily housing,Cfb,summer,24.204303,24.4402,22.8,0.128753,43.628424,0.6954,0.8,-1,0.0,-1.51,-1.51,-1.46,-0.44,-0.2,-0.2,-0.1,23.9,-0.055,-0.054759,-0.075738,0.471155,0.244277,0.516,22.46,-0.472,-0.411,-1.268446,-1.0,45.75,4.85,23.714024999999999,23.714024999999999,55.50106400000000,2.5530369999999998,12.549465000000000,10.278922000000000,22.790707999999999,22.790707999999999,55.16124200000000,2.7928920000000002,12.482635999999999,10.500567999999999,23.2196550000000,23.2196550000000,53.73166900000000,1.8839360000000001,12.386862000000001,11.020548000000000
08-07-23,25,male,naturally ventilated,multifamily housing,Cfb,summer,22.822998,23.179411,19.9,0.057033,42.141489,0.48665,0.9,0,1.0,-1.87,-1.87,-1.8,-0.54,-0.4,-0.5,-0.3,21.4,-0.68,-0.644949,-0.936393,-0.317895,-0.501966,-0.084,21.57,-0.739,-0.33,-1.133591,0.0,45.75,4.85,23.070383000000000,23.070383000000000,57.05896900000000,2.2397570000000000,12.051739000000000,10.635396999999999,21.264673999999999,21.264673999999999,59.75019300000000,4.714755000000000,10.546137000000000,11.438387000000001,20.021502999999999,20.021502999999999,57.28366500000000,0.4574710000000000,10.659233000000000,12.429843999999999
08-07-23,25,male,naturally ventilated,multifamily housing,Cfb,summer,23.94421,24.535284,19.9,0.128753,34.835566,0.6954,0.8,-1,0.0,-1.64,-1.64,-1.58,-0.48,-0.2,-0.3,-0.1,23.7,-0.105,-0.104126,-0.14459,0.401909,0.173453,0.468,21.8,-0.67,-0.358,-1.235889,-1.0,45.75,4.85,23.070383000000000,23.070383000000000,57.05896900000000,2.2397570000000000,12.051739000000000,10.635396999999999,21.264673999999999,21.264673999999999,59.75019300000000,4.714755000000000,10.546137000000000,11.438387000000001,20.021502999999999,20.021502999999999,57.28366500000000,0.4574710000000000,10.659233000000000,12.429843999999999
08-08-23,25,male,naturally ventilated,multifamily housing,Cfb,summer,24.06024,24.361288,19.4,0.128753,41.085079,0.48665,0.8,0,0.0,-2.27,-2.27,-2.16,-0.66,-0.5,-0.6,-0.3,22.4,-0.43,-0.415713,-0.592131,0.011939,-0.162622,0.156,21.87,-0.649,-0.324,-1.677938,0.0,45.75,4.85,22.74579200000000,22.74579200000000,56.579833000000001,2.085291000000000,11.85619300000000,11.374395000000000,20.349004000000001,20.349004000000001,57.094048999999998,1.5369960000000000,11.550008000000000,12.008257000000000,19.729106999999999,19.729106999999999,55.26893800000000,0.42319299999999999,10.539180000000000,12.79015800000000
08-09-23,25,male,naturally ventilated,multifamily housing,Cfb,summer,25.832272,26.247497,19.4,0.128753,42.590001,0.52005,1.2,1,-1.0,0.29,0.29,0.29,0.07,0.5,0.4,0.5,25.3,0.295,0.302123,0.406229,0.959457,0.73596,0.852,25.08,0.314,0.298,0.611127,1.0,45.75,4.85,21.881433000000001,21.881433000000001,57.78889800000000,2.8609749999999998,10.778045000000001,10.398104999999999,20.14382400000000,20.14382400000000,56.0121250000000,1.26462600000000,11.751042000000000,10.377098999999999,20.048483999999998,20.048483999999998,53.29625000000000,0.23730499999999999,11.681295000000000,12.16406100000000
08-10-23,25,male,naturally ventilated,multifamily housing,Cfb,summer,26.920557,27.482407,20.1,0.057033,48.132794,0.48665,1.0,0,-1.0,0.44,0.44,0.44,0.1,0.8,0.7,0.6,26.2,0.52,0.542548,0.716065,1.283959,1.063675,1.068,27.11,0.923,0.401,-0.047082,0.0,45.75,4.85,21.76480100000000,21.76480100000000,55.245652999999997,2.0551759999999999,12.329545000000000,10.361914000000001,20.97796400000000,20.97796400000000,54.905444000000003,1.055547000000000,11.948957000000000,10.204359999999999,20.28992700000000,20.28992700000000,52.68094000000000,0.1779790000000000,12.132655000000000,9.928709000000000
08-12-23,25,male,naturally ventilated,multifamily housing,Cfb,summer,27.355125,27.905444,22.6,0.057033,55.317673,0.48665,0.8,1,-1.0,-0.21,-0.21,-0.21,-0.06,0.3,0.3,0.5,26.3,0.545,0.56982,0.750492,1.330962,1.124822,1.092,27.63,1.079,0.195,0.31243,1.0,45.75,4.85,22.799434999999999,22.799434999999999,55.412680000000002,2.5195940000000001,12.319580999999999,11.717202000000000,22.02188400000000,22.02188400000000,57.07561100000000,4.7581379999999998,11.436864000000000,8.860538000000000,22.44585700000000,22.44585700000000,53.783808000000001,0.0,12.054361999999999,8.420070000000001
08-16-23,25,male,naturally ventilated,multifamily housing,Cfb,summer,27.746321,27.837315,25.7,0.128753,54.160285,0.48665,0.8,0,-1.0,-0.34,-0.34,-0.34,-0.1,0.4,0.4,0.5,26.5,0.595,0.624707,0.819344,1.409283,1.210647,1.14,27.06,0.908,0.06,0.394392,0.0,45.75,4.85,23.855248000000000,23.855248000000000,52.733783000000003,1.0806770000000001,12.259649000000000,10.221185999999999,24.716118000000002,24.716118000000002,50.71811400000000,0.16299500000000,12.136041000000001,11.448570000000000,26.256907999999999,26.256907999999999,49.330288000000,0.1125000000000000,12.240233000000000,9.822445999999999
08-17-23,25,male,naturally ventilated,multifamily housing,Cfb,summer,27.610296,27.439221,25.8,0.128753,56.758765,0.48665,0.8,2,-1.0,-0.44,-0.44,-0.44,-0.13,0.3,0.3,0.4,26.2,0.52,0.542548,0.716065,1.306688,1.116898,1.068,26.97,0.881,0.028,-0.651154,1.0,45.75,4.85,23.770658000000001,23.770658000000001,53.04299800000000,1.0061480000000000,12.283118000000000,9.600387000000000,24.528680000000001,24.528680000000001,51.36028000000000,0.14126300000000000,12.240617000000000,9.666221999999999,26.564731999999999,26.564731999999999,51.56641000000000,0.08437500000000001,12.24936300000000,8.658559000000000
08-17-23,25,male,naturally ventilated,multifamily housing,Cfb,summer,28.780035,29.443344,25.8,0.057033,44.184582,0.3113,1.6,3,-1.0,1.47,1.47,1.52,0.39,0.9,0.5,1.0,26.7,0.645,0.680057,0.888197,1.508698,1.347721,1.188,30.77,2.021,0.728,0.904466,1.0,45.75,4.85,23.770658000000001,23.770658000000001,53.04299800000000,1.0061480000000000,12.283118000000000,9.600387000000000,24.528680000000001,24.528680000000001,51.36028000000000,0.14126300000000000,12.240617000000000,9.666221999999999,26.564731999999999,26.564731999999999,51.56641000000000,0.08437500000000001,12.24936300000000,8.658559000000000
08-17-23,25,male,naturally ventilated,multifamily housing,Cfb,summer,28.806359,29.246471,25.8,0.057033,40.982649,0.48665,0.8,1,-1.0,0.32,0.32,0.32,0.07,0.8,0.6,0.7,27.4,0.82,0.877508,1.12918,1.743347,1.546648,1.356,28.18,1.244,0.255,0.668639,1.0,45.75,4.85,23.770658000000001,23.770658000000001,53.04299800000000,1.0061480000000000,12.283118000000000,9.600387000000000,24.528680000000001,24.528680000000001,51.36028000000000,0.14126300000000000,12.240617000000000,9.666221999999999,26.564731999999999,26.564731999999999,51.56641000000000,0.08437500000000001,12.24936300000000,8.658559000000000
08-18-23,25,male,naturally ventilated,multifamily housing,Cfb,summer,29.481238,30.054327,26.2,0.057033,38.841791,0.3113,1.6,1,-1.0,1.61,1.61,1.67,0.44,1.1,0.6,1.1,27.0,0.72,0.763961,0.991475,1.63099,1.488126,1.26,31.03,2.099,0.782,0.746148,1.0,45.75,4.85,23.89356400000000,23.89356400000000,53.50833900000000,1.266166000000000,12.196522999999999,9.662198000000000,24.353155999999998,24.353155999999998,54.04859600000000,1.0070509999999999,11.486945000000000,9.987297000000000,26.95351000000000,26.95351000000000,51.45728900000000,0.9632810000000001,11.985336999999999,8.506446000000000
08-18-23,25,male,naturally ventilated,multifamily housing,Cfb,summer,29.58375,30.175543,26.2,0.057033,39.076784,0.48665,0.8,3,-1.0,0.71,0.71,0.72,0.16,1.1,0.8,0.9,28.2,1.02,1.110531,1.40459,2.041153,1.837039,1.548,29.02,1.496,0.364,0.980016,1.0,45.75,4.85,23.89356400000000,23.89356400000000,53.50833900000000,1.266166000000000,12.196522999999999,9.662198000000000,24.353155999999998,24.353155999999998,54.04859600000000,1.0070509999999999,11.486945000000000,9.987297000000000,26.95351000000000,26.95351000000000,51.45728900000000,0.9632810000000001,11.985336999999999,8.506446000000000
08-19-23,25,male,naturally ventilated,multifamily housing,Cfb,summer,29.259168,29.865418,26.7,0.057033,40.566473,0.6954,0.9,1,-1.0,1.22,1.22,1.25,0.28,1.5,1.4,1.2,29.2,1.27,1.413468,1.748852,2.372967,2.09252,1.788,29.34,1.592,0.43,1.378504,1.0,45.75,4.85,24.255727000000000,24.255727000000000,51.81459200000000,1.0977120000000000,12.226379000000000,9.112005999999999,24.96524200000000,24.96524200000000,51.726908000000002,0.46815400000000001,11.659481000000000,9.50375900000000,27.41219900000000,27.41219900000000,48.21154300000000,0.7224610000000000,12.177579000000000,9.210466000000000
08-19-23,25,male,naturally ventilated,multifamily housing,Cfb,summer,30.634082,31.133887,26.7,0.128753,43.638144,0.48665,0.8,2,-1.0,1.09,1.09,1.12,0.24,1.5,1.3,1.2,29.4,1.32,1.47568,1.817705,2.495083,2.27055,1.836,29.87,1.751,0.468,1.224058,1.0,45.75,4.85,24.255727000000000,24.255727000000000,51.81459200000000,1.0977120000000000,12.226379000000000,9.112005999999999,24.96524200000000,24.96524200000000,51.726908000000002,0.46815400000000001,11.659481000000000,9.50375900000000,27.41219900000000,27.41219900000000,48.21154300000000,0.7224610000000000,12.177579000000000,9.210466000000000
08-20-23,25,male,naturally ventilated,multifamily housing,Cfb,summer,29.501503,29.774939,27.2,0.52326,57.81785,0.48665,0.9,1,-1.0,0.57,0.15,0.58,0.12,0.9,0.5,0.6,26.5,0.595,0.624707,0.819344,1.464188,1.347925,1.14,28.27,1.271,0.291,0.533063,1.0,45.75,4.85,24.926165999999998,24.926165999999998,51.087273000000003,1.0220080000000000,12.265027000000000,10.107601000000001,25.27378500000000,25.27378500000000,49.47443600000000,0.40573399999999998,11.809511000000001,9.441528000000000,27.506657000000001,27.506657000000001,48.80752100000000,0.648633000000000,12.071861000000000,8.164726999999999
08-20-23,25,male,naturally ventilated,multifamily housing,Cfb,summer,30.353689,30.589331,27.2,0.52326,54.968862,0.6954,0.9,2,-1.0,1.35,0.83,1.39,0.31,1.5,1.2,1.0,28.7,1.145,1.260334,1.576721,2.240435,2.045143,1.668,29.55,1.655,0.437,0.924902,1.0,45.75,4.85,24.926165999999998,24.926165999999998,51.087273000000003,1.0220080000000000,12.265027000000000,10.107601000000001,25.27378500000000,25.27378500000000,49.47443600000000,0.40573399999999998,11.809511000000001,9.441528000000000,27.506657000000001,27.506657000000001,48.80752100000000,0.648633000000000,12.071861000000000,8.164726999999999
08-22-23,30,female,mixed mode,multifamily housing,Cfb,summer,32.147675,33.593228,28.5,0.675,55.690772,0.3614,1.2,3,-1.0,2.29,1.23,2.41,0.66,1.9,1.2,1.4,28.9,1.195,1.321182,1.645574,2.371175,2.257827,1.716,31.68,2.294,1.059,1.227689,1.0,45.75,4.85,24.808140999999999,24.808140999999999,52.77720400000000,0.8103660000000000,12.306034000000000,9.760660000000000,26.704180999999998,26.704180999999998,49.810563000000002,0.3047510000000000,12.435935000000001,8.098597000000000,28.699825000000001,28.699825000000001,48.26373400000000,0.2847660000000000,12.544077000000000,8.465114000000000
08-22-23,30,male,mixed mode,multifamily housing,Cfb,summer,30.715008,31.307263,28.5,0.128753,42.833123,0.35305,1.2,1,-1.0,1.72,1.72,1.79,0.48,1.6,1.2,1.4,28.8,1.17,1.290691,1.611147,2.287867,2.104969,1.692,30.63,1.979,0.812,0.236387,1.0,45.75,4.85,24.808140999999999,24.808140999999999,52.77720400000000,0.8103660000000000,12.306034000000000,9.760660000000000,26.704180999999998,26.704180999999998,49.810563000000002,0.3047510000000000,12.435935000000001,8.098597000000000,28.699825000000001,28.699825000000001,48.26373400000000,0.2847660000000000,12.544077000000000,8.465114000000000
08-22-23,30,female,mixed mode,multifamily housing,Cfb,summer,32.614421,33.049829,28.5,0.91,45.205092,0.18605,1.2,3,-1.0,2.1,0.6,2.2,0.57,1.4,0.1,1.0,26.1,0.495,0.51539,0.681639,1.412247,1.473587,1.044,29.4,1.61,1.028,0.993879,1.0,45.75,4.85,24.808140999999999,24.808140999999999,52.77720400000000,0.8103660000000000,12.306034000000000,9.760660000000000,26.704180999999998,26.704180999999998,49.810563000000002,0.3047510000000000,12.435935000000001,8.098597000000000,28.699825000000001,28.699825000000001,48.26373400000000,0.2847660000000000,12.544077000000000,8.465114000000000
08-22-23,30,female,mixed mode,multifamily housing,Cfb,summer,29.371285,30.185415,28.5,0.057033,35.426351,0.3614,0.8,1,-1.0,0.41,0.41,0.41,0.09,0.8,0.4,0.8,27.4,0.82,0.877508,1.12918,1.762164,1.592609,1.356,28.4,1.31,0.266,0.513338,1.0,45.75,4.85,24.808140999999999,24.808140999999999,52.77720400000000,0.8103660000000000,12.306034000000000,9.760660000000000,26.704180999999998,26.704180999999998,49.810563000000002,0.3047510000000000,12.435935000000001,8.098597000000000,28.699825000000001,28.699825000000001,48.26373400000000,0.2847660000000000,12.544077000000000,8.465114000000000
08-22-23,30,male,mixed mode,multifamily housing,Cfb,summer,29.343375,30.171449,28.5,0.057033,35.383627,0.48665,0.8,0,-1.0,0.6,0.6,0.61,0.13,1.0,0.7,0.9,28.0,0.97,1.051518,1.335738,1.964538,1.760192,1.5,28.55,1.355,0.262,0.574791,0.0,45.75,4.85,24.808140999999999,24.808140999999999,52.77720400000000,0.8103660000000000,12.306034000000000,9.760660000000000,26.704180999999998,26.704180999999998,49.810563000000002,0.3047510000000000,12.435935000000001,8.098597000000000,28.699825000000001,28.699825000000001,48.26373400000000,0.2847660000000000,12.544077000000000,8.465114000000000
08-23-23,30,male,mixed mode,multifamily housing,Cfb,summer,30.761174,31.63654,29.3,0.675,48.468016,0.35305,1.2,1,-1.0,1.47,0.6,1.52,0.39,1.3,0.5,1.0,26.7,0.645,0.680057,0.888197,1.56782,1.504056,1.188,28.98,1.484,0.719,0.80444,1.0,45.75,4.85,25.071964000000001,25.071964000000001,52.513545999999998,0.6868680000000000,12.392509000000000,8.571975000000000,27.625174000000,27.625174000000,50.1552740000000,0.2641180000000000,12.556554000000000,7.84102000000000,29.06587200000000,29.06587200000000,51.02361000000000,0.21357400000000001,12.578974000000001,6.981883000000000
08-23-23,30,male,mixed mode,multifamily housing,Cfb,summer,30.208979,31.044908,29.3,0.057033,41.370405,0.5284,1.0,0,-1.0,1.73,1.73,1.8,0.42,1.8,1.6,1.4,29.6,1.37,1.53845,1.886557,2.549294,2.290216,1.884,30.67,1.991,0.636,0.817787,0.0,45.75,4.85,25.071964000000001,25.071964000000001,52.513545999999998,0.6868680000000000,12.392509000000000,8.571975000000000,27.625174000000,27.625174000000,50.1552740000000,0.2641180000000000,12.556554000000000,7.84102000000000,29.06587200000000,29.06587200000000,51.02361000000000,0.21357400000000001,12.578974000000001,6.981883000000000
08-23-23,30,female,mixed mode,multifamily housing,Cfb,summer,29.088813,30.196807,29.3,0.057033,37.287388,0.3614,0.8,1,-1.0,0.36,0.36,0.36,0.08,0.8,0.4,0.7,27.3,0.795,0.84894,1.094754,1.7192,1.541407,1.332,28.4,1.31,0.229,0.910527,1.0,45.75,4.85,25.071964000000001,25.071964000000001,52.513545999999998,0.6868680000000000,12.392509000000000,8.571975000000000,27.625174000000,27.625174000000,50.1552740000000,0.2641180000000000,12.556554000000000,7.84102000000000,29.06587200000000,29.06587200000000,51.02361000000000,0.21357400000000001,12.578974000000001,6.981883000000000
08-23-23,30,male,mixed mode,multifamily housing,Cfb,summer,29.088813,30.196807,29.3,0.057033,37.287388,0.5284,0.8,1,-1.0,0.63,0.63,0.64,0.14,1.1,0.8,0.9,28.1,0.995,1.080961,1.370164,1.989568,1.767168,1.524,28.63,1.379,0.229,1.167809,1.0,45.75,4.85,25.071964000000001,25.071964000000001,52.513545999999998,0.6868680000000000,12.392509000000000,8.571975000000000,27.625174000000,27.625174000000,50.1552740000000,0.2641180000000000,12.556554000000000,7.84102000000000,29.06587200000000,29.06587200000000,51.02361000000000,0.21357400000000001,12.578974000000001,6.981883000000000
08-24-23,30,male,mixed mode,multifamily housing,Cfb,summer,30.789014,31.579663,29.7,0.057,47.958184,0.35305,1.2,2,-1.0,1.39,0.42,1.43,0.37,1.1,0.3,0.9,26.1,0.495,0.51539,0.681639,1.366383,1.333368,1.044,28.54,1.352,0.683,1.209495,1.0,45.75,4.85,25.937904000000000,25.937904000000000,51.67744600000000,0.5989320000000000,12.407551000000000,8.934682000000000,28.243587999999999,28.243587999999999,50.175102000000003,0.22890199999999999,12.517563000000001,8.069694999999999,29.468112999999999,29.468112999999999,49.67931000000000,0.6407230000000000,12.41226000000000,8.082732999999999
08-24-23,30,female,mixed mode,multifamily housing,Cfb,summer,31.373684,32.149574,29.7,0.91,48.430262,0.23615,1.2,2,-1.0,1.51,0.36,1.56,0.39,1.1,0.1,0.8,25.6,0.37,0.381275,0.509508,1.213608,1.233186,0.924,28.73,1.409,0.797,0.560273,1.0,45.75,4.85,25.937904000000000,25.937904000000000,51.67744600000000,0.5989320000000000,12.407551000000000,8.934682000000000,28.243587999999999,28.243587999999999,50.175102000000003,0.22890199999999999,12.517563000000001,8.069694999999999,29.468112999999999,29.468112999999999,49.67931000000000,0.6407230000000000,12.41226000000000,8.082732999999999
08-24-23,30,female,mixed mode,multifamily housing,Cfb,summer,31.343961,31.672411,29.7,0.415856,50.772791,0.23615,1.2,3,-1.0,1.66,0.89,1.72,0.45,1.4,0.7,1.1,27.2,0.77,0.820493,1.060328,1.754646,1.695086,1.308,30.06,1.808,0.833,1.000779,1.0,45.75,4.85,25.937904000000000,25.937904000000000,51.67744600000000,0.5989320000000000,12.407551000000000,8.934682000000000,28.243587999999999,28.243587999999999,50.175102000000003,0.22890199999999999,12.517563000000001,8.069694999999999,29.468112999999999,29.468112999999999,49.67931000000000,0.6407230000000000,12.41226000000000,8.082732999999999
08-24-23,30,female,mixed mode,multifamily housing,Cfb,summer,32.83046,33.044926,29.7,0.415856,46.029853,0.23615,1.2,2,-1.0,2.32,1.34,2.44,0.67,1.9,0.9,1.4,28.4,1.07,1.170059,1.473442,2.215637,2.169318,1.596,31.23,2.159,1.062,0.812742,1.0,45.75,4.85,25.937904000000000,25.937904000000000,51.67744600000000,0.5989320000000000,12.407551000000000,8.934682000000000,28.243587999999999,28.243587999999999,50.175102000000003,0.22890199999999999,12.517563000000001,8.069694999999999,29.468112999999999,29.468112999999999,49.67931000000000,0.6407230000000000,12.41226000000000,8.082732999999999
08-24-23,30,female,mixed mode,multifamily housing,Cfb,summer,31.518533,31.955083,29.7,0.416,51.102954,0.3614,1.2,3,-1.0,1.81,0.85,1.88,0.5,1.5,0.8,1.1,27.5,0.845,0.906199,1.163606,1.862795,1.796374,1.38,30.05,1.805,0.84,1.37664,1.0,45.75,4.85,25.937904000000000,25.937904000000000,51.67744600000000,0.5989320000000000,12.407551000000000,8.934682000000000,28.243587999999999,28.243587999999999,50.175102000000003,0.22890199999999999,12.517563000000001,8.069694999999999,29.468112999999999,29.468112999999999,49.67931000000000,0.6407230000000000,12.41226000000000,8.082732999999999
08-25-23,30,male,mixed mode,multifamily housing,Cfb,summer,30.644971,31.4544,29.8,0.128753,39.305584,0.26955,1.6,1,-1.0,1.84,1.84,1.92,0.5,1.3,0.7,1.3,27.7,0.895,0.963952,1.232459,1.905073,1.782525,1.428,31.12,2.126,0.841,1.320625,1.0,45.75,4.85,26.576300000000000,26.576300000000000,51.67404800000000,0.5783160000000001,12.392016000000000,8.84157200000000,28.806114000000001,28.806114000000001,49.848695999999997,0.23838200000000001,12.499807000000001,8.500113000000001,29.793527999999998,29.793527999999998,48.37439000000000,0.07500000000000000,12.585201000000000,9.150632000000000
08-27-23,30,female,mixed mode,multifamily housing,Cfb,summer,27.226402,28.430405,26.3,0.128753,40.777745,0.4115,0.8,0,0.0,-0.69,-0.69,-0.68,-0.2,0.2,0.0,0.3,25.9,0.445,0.46141,0.612787,1.196832,1.004567,0.996,25.83,0.539,-0.011,-0.124892,0.0,45.75,4.85,25.66064900000000,25.66064900000000,54.451925000000003,0.9060870000000000,11.7356850000000,9.329286000000000,27.486249000000001,27.486249000000001,55.15137100000000,1.4131730000000000,11.148923000000000,8.749464000000000,27.23743500000000,27.23743500000000,57.15790500000000,2.1421869999999998,10.541925000000001,9.261679000000001
08-27-23,30,male,mixed mode,multifamily housing,Cfb,summer,27.226402,28.430405,26.3,0.128753,40.777745,0.4449,0.8,0,0.0,-0.6,-0.6,-0.59,-0.17,0.2,0.1,0.4,26.0,0.47,0.488344,0.647213,1.229233,1.032137,1.02,25.88,0.554,-0.011,-0.043782,0.0,45.75,4.85,25.66064900000000,25.66064900000000,54.451925000000003,0.9060870000000000,11.7356850000000,9.329286000000000,27.486249000000001,27.486249000000001,55.15137100000000,1.4131730000000000,11.148923000000000,8.749464000000000,27.23743500000000,27.23743500000000,57.15790500000000,2.1421869999999998,10.541925000000001,9.261679000000001
08-28-23,30,female,mixed mode,multifamily housing,Cfb,summer,22.705371,23.781091,23.9,0.128753,49.946133,0.73715,0.8,0,0.0,-1.8,-1.8,-1.73,-0.52,-0.3,-0.3,-0.2,23.2,-0.23,-0.225848,-0.316721,0.211548,-0.041264,0.348,21.56,-0.742,-0.595,-1.539598,0.0,45.75,4.85,25.17376100000000,25.17376100000000,54.911168000000004,0.8799780000000000,11.260452000000001,8.914246000000000,26.4343130000000,26.4343130000000,54.26657600000000,1.3701840000000001,9.988343000000000,10.677830000000000,25.232672000000001,25.232672000000001,59.33763600000000,2.081641000000000,8.603780000000000,10.308573000000001
08-29-23,30,female,mixed mode,multifamily housing,Cfb,summer,23.006152,23.71743,21.4,0.128753,44.821668,0.3614,1.6,0,0.0,-0.05,-0.05,-0.05,-0.01,-0.2,-0.3,0.0,21.9,-0.555,-0.531428,-0.764262,-0.165672,-0.360433,0.036,22.97,-0.319,0.025,-0.423509,0.0,45.75,4.85,24.84019500000000,24.84019500000000,54.853743999999999,1.1762840000000001,10.044369000000000,10.65925000000000,25.141103000000001,25.141103000000001,55.820737999999999,1.7208260000000000,9.403373000000000,11.163603999999999,23.03463500000000,23.03463500000000,62.22043400000000,2.561230000000000,7.422823000000000,12.190973000000000
08-29-23,30,male,mixed mode,multifamily housing,Cfb,summer,23.057128,23.92445,21.4,0.128753,46.214791,0.5284,0.8,0,0.0,-2.42,-2.42,-2.3,-0.7,-0.6,-0.6,-0.3,22.0,-0.53,-0.508462,-0.729836,-0.134681,-0.331154,0.06,21.37,-0.799,-0.483,-1.687882,0.0,45.75,4.85,24.84019500000000,24.84019500000000,54.853743999999999,1.1762840000000001,10.044369000000000,10.65925000000000,25.141103000000001,25.141103000000001,55.820737999999999,1.7208260000000000,9.403373000000000,11.163603999999999,23.03463500000000,23.03463500000000,62.22043400000000,2.561230000000000,7.422823000000000,12.190973000000000
08-29-23,30,female,mixed mode,multifamily housing,Cfb,summer,22.967704,23.791328,21.4,0.128753,46.460763,0.65365,0.8,0,0.0,-2.03,-2.03,-1.94,-0.59,-0.4,-0.4,-0.2,22.7,-0.355,-0.345206,-0.488852,0.070677,-0.154175,0.228,21.42,-0.784,-0.498,-1.613321,0.0,45.75,4.85,24.84019500000000,24.84019500000000,54.853743999999999,1.1762840000000001,10.044369000000000,10.65925000000000,25.141103000000001,25.141103000000001,55.820737999999999,1.7208260000000000,9.403373000000000,11.163603999999999,23.03463500000000,23.03463500000000,62.22043400000000,2.561230000000000,7.422823000000000,12.190973000000000
08-29-23,30,male,mixed mode,multifamily housing,Cfb,summer,22.967704,23.791328,21.4,0.211918,46.460763,0.5284,0.8,-1,1.0,-2.87,-2.68,-2.7,-0.83,-0.8,-0.9,-0.4,21.0,-0.78,-0.734229,-1.074098,-0.431576,-0.59755,-0.18,20.71,-0.997,-0.613,-1.798273,-1.0,45.75,4.85,24.84019500000000,24.84019500000000,54.853743999999999,1.1762840000000001,10.044369000000000,10.65925000000000,25.141103000000001,25.141103000000001,55.820737999999999,1.7208260000000000,9.403373000000000,11.163603999999999,23.03463500000000,23.03463500000000,62.22043400000000,2.561230000000000,7.422823000000000,12.190973000000000
08-30-23,30,female,mixed mode,multifamily housing,Cfb,summer,21.902202,23.057844,19.5,0.128753,47.045296,0.3614,1.2,0,0.0,-1.18,-1.18,-1.15,-0.34,-0.4,-0.5,-0.1,20.5,-0.905,-0.843957,-1.246229,-0.603166,-0.788948,-0.3,21.09,-0.883,-0.18,-0.955559,0.0,45.75,4.85,24.560504999999999,24.560504999999999,55.32190400000000,1.076098000000000,10.806338000000000,11.87816400000000,23.871411999999999,23.871411999999999,59.9952250000000,1.611382000000000,9.736969999999999,10.834352000000001,21.425097000000001,21.425097000000001,63.952536000000002,2.1459229999999998,8.539702000000000,13.358076000000001
08-30-23,39,male,naturally ventilated,multifamily housing,Cfb,summer,23.520429,23.549581,19.5,0.211918,39.076639,0.40315,1.6,-1,1.0,-0.14,-0.19,-0.14,-0.04,-0.1,-0.3,0.0,22.4,-0.43,-0.415713,-0.592131,-0.002826,-0.197108,0.156,21.96,-0.622,-0.012,-0.414325,-1.0,45.75,4.85,24.560504999999999,24.560504999999999,55.32190400000000,1.076098000000000,10.806338000000000,11.87816400000000,23.871411999999999,23.871411999999999,59.9952250000000,1.611382000000000,9.736969999999999,10.834352000000001,21.425097000000001,21.425097000000001,63.952536000000002,2.1459229999999998,8.539702000000000,13.358076000000001
08-31-23,39,male,naturally ventilated,multifamily housing,Cfb,summer,24.248567,24.714393,18.7,0.057033,41.498502,0.40315,1.2,1,0.0,-0.31,-0.31,-0.31,-0.09,-0.1,-0.2,0.0,22.8,-0.33,-0.32152,-0.454426,0.137731,-0.044477,0.252,23.97,-0.019,0.154,-0.300178,1.0,45.75,4.85,23.659443000000000,23.659443000000000,55.57154700000000,1.001884000000000,10.906288000000000,10.653229000000000,23.101724000000001,23.101724000000001,59.65344800000000,1.8820790000000001,9.773287000000000,10.856104000000000,20.460370999999999,20.460370999999999,63.785255999999997,1.6494869999999999,9.197171000000001,12.271292000000001
09-01-23,39,female,naturally ventilated,multifamily housing,Cfb,summer,26.266029,26.444434,18.4,0.057033,49.202294,0.3614,1.2,2,-1.0,0.3,0.3,0.3,0.08,0.4,0.2,0.3,24.5,0.095,0.095727,0.13082,0.720206,0.550198,0.66,26.68,0.794,0.447,0.339664,1.0,45.75,4.85,22.88202800000000,22.88202800000000,58.48680200000000,1.366036000000000,10.260299000000000,10.81002500000000,22.792942000000000,22.792942000000000,58.316799000000003,1.198921000000000,10.066762000000001,10.348062000000001,19.91222500000000,19.91222500000000,62.975037999999998,1.3504640000000001,9.266493000000001,10.62512900000000
09-02-23,39,male,naturally ventilated,multifamily housing,Cfb,summer,25.938214,26.321867,19.0,0.057033,50.098183,0.3614,1.6,2,-1.0,0.79,0.79,0.8,0.2,0.4,0.2,0.5,24.7,0.145,0.1467,0.199672,0.773377,0.581088,0.708,27.84,1.142,0.494,0.897211,1.0,45.75,4.85,22.90691800000000,22.90691800000000,57.951802999999998,0.8661660000000000,10.400296000000001,10.33254300000000,22.72518700000000,22.72518700000000,58.357190000000003,1.0390649999999999,10.35793900000000,9.960220000000000,19.384948999999999,19.384948999999999,65.53838200000000,2.0406740000000001,9.371363000000001,10.062620000000001
09-05-23,39,male,naturally ventilated,multifamily housing,Cfb,summer,25.535062,26.109466,22.8,0.057033,50.768389,0.3614,1.2,2,-1.0,0.12,0.12,0.12,0.03,0.2,0.1,0.2,24.0,-0.03,-0.029928,-0.041311,0.542352,0.363245,0.54,26.14,0.632,0.279,-0.005036,1.0,45.75,4.85,23.285207000000000,23.285207000000000,56.13265100000000,0.6990340000000000,11.169029000000000,9.245111000000000,23.495248000000000,23.495248000000000,58.27632600000000,0.6763930000000000,10.961290999999999,9.318956000000000,21.947752000000001,21.947752000000001,59.14444700000000,0.19182099999999999,11.902096000000000,9.573860000000000
09-13-23,30,male,naturally ventilated,multifamily housing,Cfb,summer,24.485245,25.807306,24.5,0.128753,61.559737,0.53675,0.8,0,0.0,-1.46,-1.46,-1.41,-0.42,-0.1,-0.1,-0.1,24.1,-0.005,-0.004998,-0.006885,0.541409,0.31692,0.564,24.26,0.068,-0.293,-0.514876,0.0,45.75,4.85,24.44549700000000,24.44549700000000,54.004525000000,0.967505000000000,11.250589000000000,9.074279000000001,23.274729000000001,23.274729000000001,52.541922000000000,1.1295770000000001,11.368122000000000,9.1419330000000,24.341805000000001,24.341805000000001,50.08298000000000,2.1000000000000001,11.08370900000000,9.78870400000000
09-13-23,30,male,naturally ventilated,multifamily housing,Cfb,summer,24.508427,26.145216,24.5,0.057033,66.342536,0.26955,1.9,2,-1.0,0.86,0.86,0.88,0.21,0.2,0.1,0.3,23.7,-0.105,-0.104126,-0.14459,0.419304,0.212061,0.468,28.97,1.481,0.367,-0.90373,1.0,45.75,4.85,24.44549700000000,24.44549700000000,54.004525000000,0.967505000000000,11.250589000000000,9.074279000000001,23.274729000000001,23.274729000000001,52.541922000000000,1.1295770000000001,11.368122000000000,9.1419330000000,24.341805000000001,24.341805000000001,50.08298000000000,2.1000000000000001,11.08370900000000,9.78870400000000
09-14-23,30,male,naturally ventilated,multifamily housing,Cfb,summer,25.246446,25.698357,22.9,0.057033,53.472195,0.3614,1.9,0,0.0,0.96,0.96,0.98,0.24,0.4,0.2,0.5,24.6,0.12,0.121162,0.165246,0.720471,0.504457,0.684,28.18,1.244,0.381,0.660509,0.0,45.75,4.85,24.08870000000000,24.08870000000000,55.92991400000000,2.8151590000000000,10.5633220000000,9.158802000000000,22.886949000000001,22.886949000000001,57.5263550000000,3.792917000000000,10.233817000000000,8.175120000000000,22.950382999999999,22.950382999999999,59.523263999999998,6.750000000000000,9.3020400000000,7.989599000000000
09-14-23,30,male,naturally ventilated,multifamily housing,Cfb,summer,24.918278,25.520194,22.9,0.057033,48.51596,0.3614,1.2,1,-1.0,-0.11,-0.11,-0.11,-0.03,0.1,-0.1,0.0,23.4,-0.18,-0.177447,-0.247869,0.339326,0.159819,0.396,25.28,0.374,0.184,-0.148073,1.0,45.75,4.85,24.08870000000000,24.08870000000000,55.92991400000000,2.8151590000000000,10.5633220000000,9.158802000000000,22.886949000000001,22.886949000000001,57.5263550000000,3.792917000000000,10.233817000000000,8.175120000000000,22.950382999999999,22.950382999999999,59.523263999999998,6.750000000000000,9.3020400000000,7.989599000000000
09-15-23,30,male,naturally ventilated,multifamily housing,Cfb,summer,25.866121,26.37683,22.1,0.057033,49.752858,0.5618,1.0,-1,0.0,0.19,0.19,0.19,0.04,0.6,0.6,0.5,25.7,0.395,0.407876,0.543934,1.08759,0.846841,0.948,26.01,0.593,0.198,0.234466,-1.0,45.75,4.85,23.977376000000000,23.977376000000000,55.81280600000000,2.1342180000000002,10.829656000000000,9.317263000000001,22.797781000000001,22.797781000000001,59.8529770000000,3.2332450000000001,10.623695000000000,8.88699700000000,22.155418999999998,22.155418999999998,64.64652599999999,5.062500000000000,9.760353000000000,7.692781000000000
09-17-23,30,male,naturally ventilated,multifamily housing,Cfb,summer,27.189513,27.801308,21.6,0.057033,53.889286,0.43655,1.9,3,-1.0,1.48,1.48,1.53,0.39,0.9,0.8,1.0,27.4,0.82,0.877508,1.12918,1.685826,1.415104,1.356,30.52,1.946,0.648,0.243346,1.0,45.75,4.85,23.822901000000002,23.822901000000002,59.54868800000000,1.9051659999999999,10.873635000000000,9.427217000000001,22.757628000000000,22.757628000000000,61.87633500000000,2.5351930000000000,10.74882400000000,8.810611000000000,21.974395999999999,21.974395999999999,66.39539000000001,3.04765600000000,10.371888999999999,9.953901999999999
09-18-23,30,male,naturally ventilated,multifamily housing,Cfb,summer,24.206895,25.497219,22.2,0.128753,67.015348,0.4783,1.75,-1,0.0,0.78,0.78,0.79,0.2,0.4,0.5,0.5,25.6,0.37,0.381275,0.509508,0.996308,0.695193,0.924,26.55,0.755,0.29,0.775286,-1.0,45.75,4.85,23.95762100000000,23.95762100000000,59.43972300000000,1.9737750000000001,10.888729000000000,9.834547000000001,23.16052400000000,23.16052400000000,61.30997800000000,2.583834000000000,10.79311700000000,10.263206000000000,22.47356200000000,22.47356200000000,65.30182600000001,3.010742000000000,10.553597000000000,11.856705000000000
