Date,Âge,Sexe,cooling type,Building_type,Climate,Season,Tair,tr,Tout,vel,RH,clo,Met,thermal_sensation,thermal_preference,TSV_3p,lat,lon
7/5/23 18:02,54,Male,Naturally ventilated,Multifamily housing,Cfb,Summer,24.7020890000000,24.7424860000000,21.6,0.128753000000000,46.6051620000000,0.4783,1.9,0,0.0,0.0,45.750000,4.850000
7/7/23 18:31,54,Male,Naturally ventilated,Multifamily housing,Cfb,Summer,24.2460860000000,24.5647640000000,21.5,0.057033000000000,58.3237700000000,0.4783,1.6,2,-1.0,1.0,45.750000,4.850000
7/8/23 10:25,54,Male,Naturally ventilated,Multifamily housing,Cfb,Summer,24.7146810000000,24.981858000000,22.6,0.057033000000000,51.9048480000000,0.65365,1.0,2,-1.0,1.0,45.750000,4.850000
7/8/23 15:36,54,Male,Naturally ventilated,Multifamily housing,Cfb,Summer,25.4016240000000,25.9807340000000,22.6,0.057033000000000,55.6529080000000,0.65365,1.0,0,-1.0,0.0,45.750000,4.850000
7/8/23 21:58,54,Male,Naturally ventilated,Multifamily housing,Cfb,Summer,25.1349790000000,25.6655060000000,22.6,0.057033000000000,64.1829720000000,0.3614,1.6,1,-1.0,1.0,45.750000,4.850000
7/8/23 22:45,54,Male,Naturally ventilated,Multifamily housing,Cfb,Summer,25.1279200000000,25.9311810000000,22.6,0.128753000000000,64.7239770000000,0.53675,0.8,2,-1.0,1.0,45.750000,4.850000
7/9/23 8:24,54,Male,Naturally ventilated,Multifamily housing,Cfb,Summer,25.1601880000000,25.5386890000000,24.2,0.128753000000000,58.0192940000000,0.53675,0.8,2,-1.0,1.0,45.750000,4.850000
7/9/23 22:00,54,Male,Naturally ventilated,Multifamily housing,Cfb,Summer,26.3072710000000,26.8294030000000,24.2,0.057033000000000,59.3769510000000,0.3614,1.6,2,-1.0,1.0,45.750000,4.850000
7/9/23 22:47,54,Male,Naturally ventilated,Multifamily housing,Cfb,Summer,26.5224190000000,27.3525050000000,24.2,0.372,60.0086780000000,0.53675,0.8,1,-1.0,1.0,45.750000,4.850000
7/10/23 9:27,54,Male,Naturally ventilated,Multifamily housing,Cfb,Summer,26.5094430000000,26.7208270000000,25.6,0.372,63.7371260000000,0.53675,0.8,1,-1.0,1.0,45.750000,4.850000
7/10/23 20:01,54,Male,Naturally ventilated,Multifamily housing,Cfb,Summer,27.3347990000000,27.8596080000000,25.6,0.057033000000000,65.5231490000000,0.53675,1.0,3,-1.0,1.0,45.750000,4.850000
7/11/23 10:02,54,Male,Naturally ventilated,Multifamily housing,Cfb,Summer,27.1126950000000,27.4094020000000,26.7,0.057033000000000,64.7196050000000,0.53675,0.8,2,-1.0,1.0,45.750000,4.850000
7/11/23 14:53,54,Male,Naturally ventilated,Multifamily housing,Cfb,Summer,27.6782050000000,28.1676700000000,26.7,0.057033000000000,63.6653540000000,0.53675,0.8,2,-1.0,1.0,45.750000,4.850000
7/13/23 16:12,54,Male,Naturally ventilated,Multifamily housing,Cfb,Summer,26.4508870000000,26.8955550000000,26.7,0.128753000000000,39.394726000000,0.4783,1.2,1,0.0,1.0,45.750000,4.850000
7/13/23 20:08,44,Female,Mixed Mode,Multifamily housing,Cfb,Summer,28.0599950000000,28.5268200000000,26.7,0.295,38.1637810000000,0.3614,1.75,2,-1.0,1.0,45.750000,4.850000
7/13/23 20:30,64,Female,Mixed Mode,Multifamily housing,Cfb,Summer,27.9796140000000,28.4083260000000,26.7,0.295,37.2656620000000,0.5785,1.26666700000000,1,-1.0,1.0,45.750000,4.850000
7/13/23 21:02,44,Female,Mixed Mode,Multifamily housing,Cfb,Summer,27.8637230000000,28.1068640000000,26.7,0.295,35.9862500000000,0.53675,1.0,1,0.0,1.0,45.750000,4.850000
7/14/23 5:28,44,Female,Mixed Mode,Multifamily housing,Cfb,Summer,26.308564000000,26.90785100000,25.8,0.128753000000000,39.8353450000000,0.48665,0.8,-1,0.0,-1.0,45.750000,4.850000
7/14/23 8:14,64,Female,Mixed Mode,Multifamily housing,Cfb,Summer,25.2482460000000,26.3063360000000,25.8,0.128753000000000,40.4229440000000,0.48665,0.8,0,0.0,0.0,45.750000,4.850000
7/14/23 8:42,44,Female,Mixed Mode,Multifamily housing,Cfb,Summer,25.2131480000000,26.224803000000,25.8,0.128753000000000,40.3841800000000,0.48665,1.1,0,0.0,0.0,45.750000,4.850000
7/14/23 9:36,44,Female,Mixed Mode,Multifamily housing,Cfb,Summer,25.4263860000000,26.3856240000000,25.8,0.128753000000000,40.1322200000000,0.48665,1.1,0,0.0,0.0,45.750000,4.850000
7/14/23 12:47,64,Female,Mixed Mode,Multifamily housing,Cfb,Summer,26.8251010000000,27.2284740000000,25.8,0.057033000000000,45.0488540000000,0.40315,1.2,2,-1.0,1.0,45.750000,4.850000
7/14/23 13:41,44,Female,Mixed Mode,Multifamily housing,Cfb,Summer,27.4517330000000,27.8706830000000,25.8,0.319,46.5636870000000,0.48665,0.9,1,0.0,1.0,45.750000,4.850000
7/14/23 17:41,64,Female,Mixed Mode,Multifamily housing,Cfb,Summer,25.7281490000000,25.7473910000000,25.8,0.21175,45.6752990000000,0.3113,1.9,0,0.0,0.0,45.750000,4.850000
7/14/23 17:59,44,Female,Mixed Mode,Multifamily housing,Cfb,Summer,26.6828400000000,27.8315270000000,25.8,0.319,42.7633090000000,0.48665,1.0,0,0.0,0.0,45.750000,4.850000
7/14/23 23:24,44,Female,Mixed Mode,Multifamily housing,Cfb,Summer,28.3438710000000,28.4667400000000,25.8,0.211918000000000,39.6306820000000,0.48665,1.0,0,0.0,0.0,45.750000,4.850000
7/15/23 8:26,64,Female,Mixed Mode,Multifamily housing,Cfb,Summer,26.5188280000000,26.8530710000000,25.5,0.128753000000000,54.0309130000000,0.48665,1.0,1,-1.0,1.0,45.750000,4.850000
7/15/23 9:00,44,Female,Mixed Mode,Multifamily housing,Cfb,Summer,26.8478180000000,27.2037690000000,25.5,0.211918000000000,52.9525120000000,0.48665,1.0,0,0.0,0.0,45.750000,4.850000
7/15/23 13:03,44,Female,Mixed Mode,Multifamily housing,Cfb,Summer,27.9295560000000,29.0413030000000,25.5,0.319,45.3863500000000,0.48665,0.8,1,0.0,1.0,45.750000,4.850000
7/15/23 22:09,64,Female,Mixed Mode,Multifamily housing,Cfb,Summer,28.0372580000000,28.1227850000000,25.5,0.295,54.5261360000000,0.53675,1.0,1,-1.0,1.0,45.750000,4.850000
7/15/23 22:21,44,Female,Mixed Mode,Multifamily housing,Cfb,Summer,27.8834770000000,27.9814170000000,25.5,0.295,54.9666110000000,0.48665,1.0,0,0.0,0.0,45.750000,4.850000
7/16/23 11:57,64,Female,Mixed Mode,Multifamily housing,Cfb,Summer,27.4436110000000,27.9887460000000,25.4,0.295,49.8143630000000,0.53675,1.0,1,-1.0,1.0,45.750000,4.850000
7/16/23 14:23,44,Female,Mixed Mode,Multifamily housing,Cfb,Summer,27.608823000000,27.9131580000000,25.4,0.344,48.1716760000000,0.53675,1.0,1,0.0,1.0,45.750000,4.850000
7/17/23 9:40,64,Female,Mixed Mode,Multifamily housing,Cfb,Summer,26.3284350000000,27.0164740000000,24.1,0.295,44.0325760000000,0.18605,1.6,2,-1.0,1.0,45.750000,4.850000
7/17/23 18:09,64,Female,Mixed Mode,Multifamily housing,Cfb,Summer,27.819942000000,28.1180270000000,24.1,0.441,48.0824020000000,0.53675,1.0,2,-1.0,1.0,45.750000,4.850000
7/17/23 21:00,44,Female,Mixed Mode,Multifamily housing,Cfb,Summer,28.1766850000000,28.3349620000000,24.1,0.295,46.2591280000000,0.48665,1.0,1,0.0,1.0,45.750000,4.850000
7/17/23 22:09,44,Female,Mixed Mode,Multifamily housing,Cfb,Summer,27.6682880000000,28.0079320000000,24.1,0.057033000000000,46.9376550000000,0.48665,0.8,2,-1.0,1.0,45.750000,4.850000
7/18/23 13:32,64,Female,Mixed Mode,Multifamily housing,Cfb,Summer,27.9384440000000,28.2702290000000,23.9,0.295,53.4659040000000,0.53675,0.8,1,-1.0,1.0,45.750000,4.850000
7/18/23 14:39,64,Female,Mixed Mode,Multifamily housing,Cfb,Summer,26.202432000000,26.4723120000000,23.9,0.21175,50.6205170000000,0.53675,1.0,0,0.0,0.0,45.750000,4.850000
7/18/23 21:33,44,Female,Mixed Mode,Multifamily housing,Cfb,Summer,28.8421640000000,29.0466140000000,23.9,0.344,54.1952230000000,0.48665,1.0,2,-1.0,1.0,45.750000,4.850000
7/19/23 6:20,44,Female,Mixed Mode,Multifamily housing,Cfb,Summer,28.113953,28.5175000000000,24.2,0.057033000000000,48.6458860000000,0.48665,0.8,2,-1.0,1.0,45.750000,4.850000
7/19/23 6:24,64,Female,Mixed Mode,Multifamily housing,Cfb,Summer,27.8281530000000,28.166753000000,24.2,0.057033000000000,49.2959250000000,0.48665,1.0,2,-1.0,1.0,45.750000,4.850000
7/19/23 12:36,44,Female,Mixed Mode,Multifamily housing,Cfb,Summer,28.5149220000000,29.3201590000000,24.2,0.344,49.7930780000000,0.48665,1.3,2,-1.0,1.0,45.750000,4.850000
7/19/23 17:44,64,Female,Mixed Mode,Multifamily housing,Cfb,Summer,27.6819780000000,28.5285370000000,24.2,0.295,44.037378000000,0.3614,1.2,1,-1.0,1.0,45.750000,4.850000
7/19/23 23:06,44,Female,Mixed Mode,Multifamily housing,Cfb,Summer,28.4292160000000,28.5633040000000,24.2,0.319,41.5624510000000,0.48665,1.0,0,0.0,0.0,45.750000,4.850000
7/20/23 7:18,44,Female,Mixed Mode,Multifamily housing,Cfb,Summer,26.5063010000000,27.159009000000,24.9,0.128753000000000,45.0754020000000,0.48665,0.9,0,0.0,0.0,45.750000,4.850000
7/20/23 7:23,64,Female,Mixed Mode,Multifamily housing,Cfb,Summer,26.5132150000000,27.1709250000000,24.9,0.128753000000000,45.0585840000000,0.53675,1.0,0,0.0,0.0,45.750000,4.850000
7/20/23 14:57,28,Male,Naturally ventilated,Multifamily housing,Cfb,Summer,26.5688130000000,27.0298790000000,24.9,0.057033000000000,41.177119000000,0.35305,1.2,0,0.0,0.0,45.750000,4.850000
7/20/23 16:39,28,Male,Naturally ventilated,Multifamily housing,Cfb,Summer,26.754042000000,27.1924320000000,24.9,0.057033000000000,42.7738130000000,0.35305,1.2,2,-1.0,1.0,45.750000,4.850000
7/20/23 21:00,30,Female,Naturally ventilated,Multifamily housing,Cfb,Summer,27.7635120000000,28.0995040000000,24.9,0.057033000000000,38.5765900000000,0.53675,1.0,2,-1.0,1.0,45.750000,4.850000
7/21/23 10:11,28,Male,Naturally ventilated,Multifamily housing,Cfb,Summer,26.0687270000000,26.5713420000000,24.7,0.128753000000000,45.0139480000000,0.3447,1.2,0,0.0,0.0,45.750000,4.850000
7/21/23 12:53,28,Male,Naturally ventilated,Multifamily housing,Cfb,Summer,26.6658030000000,27.1531260000000,24.7,0.057033000000000,44.7477800000000,0.52005,1.0,0,0.0,0.0,45.750000,4.850000
7/22/23 8:44,28,Male,Naturally ventilated,Multifamily housing,Cfb,Summer,26.4985680000000,27.4154220000000,24.3,0.057033000000000,45.7326350000000,0.4449,0.8,1,-1.0,1.0,45.750000,4.850000
7/22/23 15:36,28,Male,Naturally ventilated,Multifamily housing,Cfb,Summer,27.495438000000,27.8818590000000,24.3,0.128753000000000,38.9929880000000,0.3614,1.6,2,-1.0,1.0,45.750000,4.850000
7/22/23 19:57,30,Female,Naturally ventilated,Multifamily housing,Cfb,Summer,27.3584390000000,27.6460610000000,24.3,0.057033000000000,46.8026260000000,0.3614,1.2,1,-1.0,1.0,45.750000,4.850000
7/22/23 21:27,28,Male,Naturally ventilated,Multifamily housing,Cfb,Summer,27.4736070000000,27.7371140000000,24.3,0.128753000000000,47.7275810000000,0.4449,1.3,2,-1.0,1.0,45.750000,4.850000
7/23/23 9:38,28,Male,Naturally ventilated,Multifamily housing,Cfb,Summer,26.3501630000000,26.6416860000000,24.1,0.057033000000000,44.6348570000000,0.4783,1.55,0,0.0,0.0,45.750000,4.850000
7/23/23 13:32,28,Male,Naturally ventilated,Multifamily housing,Cfb,Summer,27.3995020000000,27.7573980000000,24.1,0.057033000000000,43.9618810000000,0.3447,1.4,0,0.0,0.0,45.750000,4.850000
7/23/23 21:58,28,Male,Naturally ventilated,Multifamily housing,Cfb,Summer,28.4295660000000,28.7491660000000,24.1,0.211918000000000,45.2977370000000,0.5618,1.26666700000000,1,-1.0,1.0,45.750000,4.850000
7/23/23 23:48,28,Male,Naturally ventilated,Multifamily housing,Cfb,Summer,28.201610000000,28.3376920000000,24.1,0.586796000000000,49.4733010000000,0.3948,0.8,0,0.0,0.0,45.750000,4.850000
7/24/23 19:48,28,Male,Naturally ventilated,Multifamily housing,Cfb,Summer,28.1153950000000,28.4416040000000,24.7,0.057033000000000,60.4805020000000,0.5618,1.0,1,-1.0,1.0,45.750000,4.850000
7/24/23 23:28,28,Male,Naturally ventilated,Multifamily housing,Cfb,Summer,27.0812960000000,27.53551400000,24.7,0.057033000000000,55.5505960000000,0.3948,1.3,2,-1.0,1.0,45.750000,4.850000
7/25/23 7:11,28,Male,Naturally ventilated,Multifamily housing,Cfb,Summer,26.3190020000000,26.9895620000000,24.0,0.128753000000000,51.5625620000000,0.3948,0.8,0,0.0,0.0,45.750000,4.850000
7/25/23 21:47,28,Male,Naturally ventilated,Multifamily housing,Cfb,Summer,25.6813510000000,26.4570750000000,24.0,0.128753000000000,45.3656600000000,0.5618,1.0,0,0.0,0.0,45.750000,4.850000
7/25/23 23:48,30,Female,Naturally ventilated,Multifamily housing,Cfb,Summer,25.0226890000000,25.9139710000000,24.0,0.057033000000000,45.5931520000000,0.3614,0.8,2,-1.0,1.0,45.750000,4.850000
7/26/23 6:13,28,Male,Naturally ventilated,Multifamily housing,Cfb,Summer,23.9285330000000,25.5507140000000,22.7,0.128753000000000,45.6937880000000,0.5618,0.8,-1,1.0,-1.0,45.750000,4.850000
7/26/23 20:41,28,Male,Naturally ventilated,Multifamily housing,Cfb,Summer,26.2380320000000,26.4308930000000,22.7,0.128753000000000,48.1370310000000,0.35305,1.4,0,0.0,0.0,45.750000,4.850000
7/27/23 0:04,28,Male,Naturally ventilated,Multifamily housing,Cfb,Summer,25.536683000000,25.9294370000000,21.6,0.057033000000000,48.7067330000000,0.3948,1.3,1,-1.0,1.0,45.750000,4.850000
7/27/23 10:23,28,Male,Naturally ventilated,Multifamily housing,Cfb,Summer,24.3944220000000,24.8947160000000,21.6,0.128753000000000,45.2131050000000,0.4783,1.55,0,0.0,0.0,45.750000,4.850000
7/27/23 16:21,25,Male,Naturally ventilated,Multifamily housing,Cfb,Summer,26.2197350000000,26.2064750000000,21.6,0.057033000000000,47.9787870000000,0.3614,1.6,2,-1.0,1.0,45.750000,4.850000
7/27/23 18:00,25,Male,Naturally ventilated,Multifamily housing,Cfb,Summer,26.7165260000000,26.8411970000000,21.6,0.057033000000000,44.7303380000000,0.3614,0.8,-1,0.0,-1.0,45.750000,4.850000
7/27/23 19:25,24,Female,Naturally ventilated,Multifamily housing,Cfb,Summer,26.9738940000000,27.2248530000000,21.6,0.057033000000000,47.8292160000000,0.53675,1.1,1,0.0,1.0,45.750000,4.850000
7/27/23 21:06,25,Male,Naturally ventilated,Multifamily housing,Cfb,Summer,27.1997050000000,27.5344470000000,21.6,0.057033000000000,48.8026720000000,0.3614,0.8,0,0.0,0.0,45.750000,4.850000
7/27/23 21:08,24,Female,Naturally ventilated,Multifamily housing,Cfb,Summer,27.2007230000000,27.5391430000000,21.6,0.057033000000000,48.1500400000000,0.53675,0.9,0,0.0,0.0,45.750000,4.850000
7/28/23 8:23,24,Female,Naturally ventilated,Multifamily housing,Cfb,Summer,25.157030000000,24.9311460000000,21.9,0.211918000000000,63.733651000000,0.53675,1.1,0,0.0,0.0,45.750000,4.850000
7/28/23 8:28,25,Male,Naturally ventilated,Multifamily housing,Cfb,Summer,25.1648770000000,24.9728270000000,21.9,0.128753000000000,63.7713590000000,0.26955,1.2,0,0.0,0.0,45.750000,4.850000
7/28/23 10:27,24,Female,Naturally ventilated,Multifamily housing,Cfb,Summer,26.1865730000000,27.0187010000000,21.9,0.057033000000000,59.5835040000000,0.3614,1.2,1,-1.0,1.0,45.750000,4.850000
7/28/23 11:03,25,Male,Naturally ventilated,Multifamily housing,Cfb,Summer,26.6405420000000,26.6802450000000,21.9,0.357259000000000,57.2700290000000,0.26955,1.2,0,0.0,0.0,45.750000,4.850000
7/28/23 11:57,24,Female,Naturally ventilated,Multifamily housing,Cfb,Summer,26.9033140000000,27.3218380000000,21.9,1.077,56.8976350000000,0.3614,1.2,-1,1.0,-1.0,45.750000,4.850000
7/28/23 15:42,24,Female,Naturally ventilated,Multifamily housing,Cfb,Summer,27.4530500000000,27.5595470000000,21.9,0.357259000000000,57.6837340000000,0.3614,1.2,0,-1.0,0.0,45.750000,4.850000
7/28/23 16:34,25,Male,Naturally ventilated,Multifamily housing,Cfb,Summer,27.3536160000000,27.7012750000000,21.9,0.057033000000000,55.5157380000000,0.5618,0.8,0,0.0,0.0,45.750000,4.850000
7/28/23 18:17,25,Male,Naturally ventilated,Multifamily housing,Cfb,Summer,27.6602340000000,28.0956790000000,21.9,0.057033000000000,54.2003340000000,0.26955,1.6,2,-1.0,1.0,45.750000,4.850000
7/28/23 18:18,24,Female,Naturally ventilated,Multifamily housing,Cfb,Summer,27.6693120000000,28.1097450000000,21.9,0.057033000000000,54.2832270000000,0.53675,1.0,1,-1.0,1.0,45.750000,4.850000
7/29/23 11:15,24,Female,Naturally ventilated,Multifamily housing,Cfb,Summer,25.5531510000000,25.6226970000000,22.7,0.057033000000000,60.6520940000000,0.3614,1.2,0,0.0,0.0,45.750000,4.850000
7/29/23 11:42,25,Male,Naturally ventilated,Multifamily housing,Cfb,Summer,26.1491260000000,26.4645310000000,22.7,0.057033000000000,60.1832110000000,0.26955,1.2,0,0.0,0.0,45.750000,4.850000
7/29/23 15:26,25,Male,Naturally ventilated,Multifamily housing,Cfb,Summer,27.3948960000000,27.5439840000000,22.7,0.057033000000000,57.5110180000000,0.4449,0.8,2,-1.0,1.0,45.750000,4.850000
7/29/23 15:53,25,Male,Naturally ventilated,Multifamily housing,Cfb,Summer,27.5029930000000,27.898846000000,22.7,0.568,56.1185190000000,0.4449,0.8,1,0.0,1.0,45.750000,4.850000
7/29/23 18:15,24,Female,Naturally ventilated,Multifamily housing,Cfb,Summer,27.9403700000000,28.170925000000,22.7,0.916,58.7950510000000,0.3614,1.2,0,0.0,0.0,45.750000,4.850000
7/29/23 18:15,25,Male,Naturally ventilated,Multifamily housing,Cfb,Summer,27.9403700000000,28.170925000000,22.7,0.568,58.7950510000000,0.26955,1.2,1,0.0,1.0,45.750000,4.850000
7/29/23 21:44,25,Male,Naturally ventilated,Multifamily housing,Cfb,Summer,27.2209310000000,27.5838300000000,22.7,0.057033000000000,56.4142150000000,0.65365,1.3,1,-1.0,1.0,45.750000,4.850000
7/30/23 10:16,25,Male,Naturally ventilated,Multifamily housing,Cfb,Summer,25.5593730000000,25.9777410000000,22.5,0.128753000000000,55.2038900000000,0.26955,1.2,0,0.0,0.0,45.750000,4.850000
7/30/23 13:23,25,Male,Naturally ventilated,Multifamily housing,Cfb,Summer,27.3413800000000,27.6656470000000,22.5,0.568,53.6922600000000,0.4449,0.8,-1,1.0,-1.0,45.750000,4.850000
7/30/23 17:39,25,Male,Naturally ventilated,Multifamily housing,Cfb,Summer,27.8251810000000,28.093526000000,22.5,0.568,52.3363360000000,0.26955,1.2,0,0.0,0.0,45.750000,4.850000
7/30/23 21:20,25,Male,Naturally ventilated,Multifamily housing,Cfb,Summer,25.7032840000000,25.5326690000000,22.5,0.057033000000000,39.7572740000000,0.53675,0.8,0,0.0,0.0,45.750000,4.850000
7/31/23 7:16,25,Male,Naturally ventilated,Multifamily housing,Cfb,Summer,25.4415970000000,25.5176380000000,22.1,0.128753000000000,44.6728100000000,0.3614,1.2,-1,1.0,-1.0,45.750000,4.850000
7/31/23 19:41,25,Male,Naturally ventilated,Multifamily housing,Cfb,Summer,27.334827,27.6592760000000,22.1,0.057,51.1725280000000,0.26955,1.2,1,-1.0,1.0,45.750000,4.850000
7/31/23 19:41,24,Female,Naturally ventilated,Multifamily housing,Cfb,Summer,27.334827,27.6592760000000,22.1,0.568,51.1725280000000,0.4783,1.6,2,-1.0,1.0,45.750000,4.850000
8/1/23 9:09,25,Male,Naturally ventilated,Multifamily housing,Cfb,Summer,25.1440350000000,24.944170000000,22.1,0.128753000000000,41.286111000000,0.3614,1.2,0,0.0,0.0,45.750000,4.850000
8/1/23 12:08,24,Female,Naturally ventilated,Multifamily housing,Cfb,Summer,25.4542990000000,27.0841660000000,22.1,0.128753000000000,46.0637260000000,0.3614,1.2,0,0.0,0.0,45.750000,4.850000
8/1/23 12:11,25,Male,Naturally ventilated,Multifamily housing,Cfb,Summer,26.7164680000000,27.1111460000000,22.1,0.211918000000000,42.6443950000000,0.3614,1.2,-1,1.0,-1.0,45.750000,4.850000
8/1/23 15:31,24,Female,Naturally ventilated,Multifamily housing,Cfb,Summer,27.2782580000000,28.7680820000000,22.1,0.057033000000000,49.9576010000000,0.3614,1.2,2,-1.0,1.0,45.750000,4.850000
8/1/23 17:03,25,Male,Naturally ventilated,Multifamily housing,Cfb,Summer,27.8920240000000,28.6039520000000,22.1,0.057033000000000,46.493789000000,0.3614,1.2,1,0.0,1.0,45.750000,4.850000
8/1/23 18:00,25,Male,Naturally ventilated,Multifamily housing,Cfb,Summer,27.7862950000000,28.1376210000000,22.1,0.568,46.2278190000000,0.53675,0.8,-1,1.0,-1.0,45.750000,4.850000
8/2/23 8:12,25,Male,Naturally ventilated,Multifamily housing,Cfb,Summer,24.0480380000000,23.6803470000000,22.4,0.211918000000000,52.7848480000000,0.3614,1.2,-1,0.0,-1.0,45.750000,4.850000
8/2/23 17:21,25,Male,Naturally ventilated,Multifamily housing,Cfb,Summer,27.2145130000000,27.5122510000000,22.4,0.057033000000000,47.6800060000000,0.53675,1.1,1,-1.0,1.0,45.750000,4.850000
8/2/23 19:36,25,Male,Naturally ventilated,Multifamily housing,Cfb,Summer,27.4333170000000,27.7837310000000,22.4,0.057033000000000,48.9225190000000,0.26955,1.75,2,-1.0,1.0,45.750000,4.850000
8/2/23 20:06,24,Female,Naturally ventilated,Multifamily housing,Cfb,Summer,27.6513840000000,28.0193070000000,22.4,0.129,49.3691910000000,0.65365,1.3,1,-1.0,1.0,45.750000,4.850000
8/3/23 10:45,25,Male,Naturally ventilated,Multifamily housing,Cfb,Summer,25.7629770000000,25.9285540000000,23.1,0.057033000000000,41.4184190000000,0.26955,1.2,0,0.0,0.0,45.750000,4.850000
8/3/23 11:51,24,Female,Naturally ventilated,Multifamily housing,Cfb,Summer,24.891972000000,26.7550270000000,23.1,0.057033000000000,48.5587180000000,0.3614,1.2,0,0.0,0.0,45.750000,4.850000
8/3/23 20:46,25,Male,Naturally ventilated,Multifamily housing,Cfb,Summer,26.6163190000000,26.7656070000000,23.1,0.128753000000000,36.195687000000,0.7288,1.3,1,-1.0,1.0,45.750000,4.850000
8/3/23 20:46,26,Male,Naturally ventilated,Multifamily housing,Cfb,Summer,26.6163190000000,26.7656070000000,23.1,0.128753000000000,36.195687000000,0.6119,1.3,1,0.0,1.0,45.750000,4.850000
8/4/23 17:51,25,Male,Naturally ventilated,Multifamily housing,Cfb,Summer,24.2043030000000,24.4402000000000,22.8,0.128753000000000,43.6284240000000,0.6954,0.8,-1,0.0,-1.0,45.750000,4.850000
8/7/23 0:36,25,Male,Naturally ventilated,Multifamily housing,Cfb,Summer,22.8229980000000,23.1794110000000,19.9,0.057033000000000,42.1414890000000,0.48665,0.9,0,1.0,0.0,45.750000,4.850000
8/7/23 20:57,25,Male,Naturally ventilated,Multifamily housing,Cfb,Summer,23.9442100000000,24.5352840000000,19.9,0.128753000000000,34.8355660000000,0.6954,0.8,-1,0.0,-1.0,45.750000,4.850000
8/8/23 23:03,25,Male,Naturally ventilated,Multifamily housing,Cfb,Summer,24.0602400000000,24.3612880000000,19.4,0.128753000000000,41.0850790000000,0.48665,0.8,0,0.0,0.0,45.750000,4.850000
8/9/23 23:21,25,Male,Naturally ventilated,Multifamily housing,Cfb,Summer,25.8322720000000,26.2474970000000,19.4,0.128753000000000,42.5900010000000,0.52005,1.2,1,-1.0,1.0,45.750000,4.850000
8/10/23 21:40,25,Male,Naturally ventilated,Multifamily housing,Cfb,Summer,26.9205570000000,27.4824070000000,20.1,0.057033000000000,48.1327940000000,0.48665,1.0,0,-1.0,0.0,45.750000,4.850000
8/12/23 0:11,25,Male,Naturally ventilated,Multifamily housing,Cfb,Summer,27.3551250000000,27.9054440000000,22.6,0.057033000000000,55.3176730000000,0.48665,0.8,1,-1.0,1.0,45.750000,4.850000
8/16/23 1:05,25,Male,Naturally ventilated,Multifamily housing,Cfb,Summer,27.7463210000000,27.8373150000000,25.7,0.128753000000000,54.1602850000000,0.48665,0.8,0,-1.0,0.0,45.750000,4.850000
8/17/23 0:11,25,Male,Naturally ventilated,Multifamily housing,Cfb,Summer,27.6102960000000,27.4392210000000,25.8,0.128753000000000,56.7587650000000,0.48665,0.8,2,-1.0,1.0,45.750000,4.850000
8/17/23 20:50,25,Male,Naturally ventilated,Multifamily housing,Cfb,Summer,28.7800350000000,29.4433440000000,25.8,0.057033000000000,44.1845820000000,0.3113,1.6,3,-1.0,1.0,45.750000,4.850000
8/17/23 23:06,25,Male,Naturally ventilated,Multifamily housing,Cfb,Summer,28.8063590000000,29.2464710000000,25.8,0.057033000000000,40.982649000000,0.48665,0.8,1,-1.0,1.0,45.750000,4.850000
8/18/23 21:11,25,Male,Naturally ventilated,Multifamily housing,Cfb,Summer,29.481238000000,30.0543270000000,26.2,0.057033000000000,38.8417910000000,0.3113,1.6,1,-1.0,1.0,45.750000,4.850000
8/18/23 22:39,25,Male,Naturally ventilated,Multifamily housing,Cfb,Summer,29.5837500000000,30.1755430000000,26.2,0.057033000000000,39.0767840000000,0.48665,0.8,3,-1.0,1.0,45.750000,4.850000
8/19/23 15:04,25,Male,Naturally ventilated,Multifamily housing,Cfb,Summer,29.2591680000000,29.8654180000000,26.7,0.057033000000000,40.566473000000,0.6954,0.9,1,-1.0,1.0,45.750000,4.850000
8/19/23 22:47,25,Male,Naturally ventilated,Multifamily housing,Cfb,Summer,30.6340820000000,31.1338870000000,26.7,0.128753000000000,43.6381440000000,0.48665,0.8,2,-1.0,1.0,45.750000,4.850000
8/20/23 14:01,25,Male,Naturally ventilated,Multifamily housing,Cfb,Summer,29.5015030000000,29.7749390000000,27.2,0.523260000000000,57.8178500000000,0.48665,0.9,1,-1.0,1.0,45.750000,4.850000
8/20/23 21:26,25,Male,Naturally ventilated,Multifamily housing,Cfb,Summer,30.3536890000000,30.5893310000000,27.2,0.523260000000000,54.9688620000000,0.6954,0.9,2,-1.0,1.0,45.750000,4.850000
8/22/23 10:43,30,Female,Mixed Mode,Multifamily housing,Cfb,Summer,32.1476750000000,33.5932280000000,28.5,0.675,55.6907720000000,0.3614,1.2,3,-1.0,1.0,45.750000,4.850000
8/22/23 13:09,30,Male,Mixed Mode,Multifamily housing,Cfb,Summer,30.7150080000000,31.3072630000000,28.5,0.128753000000000,42.8331230000000,0.35305,1.2,1,-1.0,1.0,45.750000,4.850000
8/22/23 17:59,30,Female,Mixed Mode,Multifamily housing,Cfb,Summer,32.6144210000000,33.049829000000,28.5,0.91,45.2050920000000,0.18605,1.2,3,-1.0,1.0,45.750000,4.850000
8/22/23 21:13,30,Female,Mixed Mode,Multifamily housing,Cfb,Summer,29.3712850000000,30.1854150000000,28.5,0.057033000000000,35.4263510000000,0.3614,0.8,1,-1.0,1.0,45.750000,4.850000
8/22/23 21:17,30,Male,Mixed Mode,Multifamily housing,Cfb,Summer,29.3433750000000,30.1714490000000,28.5,0.057033000000000,35.3836270000000,0.48665,0.8,0,-1.0,0.0,45.750000,4.850000
8/23/23 8:08,30,Male,Mixed Mode,Multifamily housing,Cfb,Summer,30.7611740000000,31.6365400000000,29.3,0.675,48.468016000000,0.35305,1.2,1,-1.0,1.0,45.750000,4.850000
8/23/23 13:59,30,Male,Mixed Mode,Multifamily housing,Cfb,Summer,30.2089790000000,31.0449080000000,29.3,0.057033000000000,41.370405000000,0.5284,1.0,0,-1.0,0.0,45.750000,4.850000
8/23/23 20:37,30,Female,Mixed Mode,Multifamily housing,Cfb,Summer,29.0888130000000,30.1968070000000,29.3,0.057033000000000,37.2873880000000,0.3614,0.8,1,-1.0,1.0,45.750000,4.850000
8/23/23 20:39,30,Male,Mixed Mode,Multifamily housing,Cfb,Summer,29.0888130000000,30.1968070000000,29.3,0.057033000000000,37.2873880000000,0.5284,0.8,1,-1.0,1.0,45.750000,4.850000
8/24/23 8:21,30,Male,Mixed Mode,Multifamily housing,Cfb,Summer,30.789014000000,31.5796630000000,29.7,0.057,47.9581840000000,0.35305,1.2,2,-1.0,1.0,45.750000,4.850000
8/24/23 8:41,30,Female,Mixed Mode,Multifamily housing,Cfb,Summer,31.3736840000000,32.1495740000000,29.7,0.91,48.4302620000000,0.23615,1.2,2,-1.0,1.0,45.750000,4.850000
8/24/23 10:21,30,Female,Mixed Mode,Multifamily housing,Cfb,Summer,31.3439610000000,31.6724110000000,29.7,0.41585600000000,50.7727910000000,0.23615,1.2,3,-1.0,1.0,45.750000,4.850000
8/24/23 16:30,30,Female,Mixed Mode,Multifamily housing,Cfb,Summer,32.8304600000000,33.0449260000000,29.7,0.41585600000000,46.0298530000000,0.23615,1.2,2,-1.0,1.0,45.750000,4.850000
8/24/23 19:07,30,Female,Mixed Mode,Multifamily housing,Cfb,Summer,31.5185330000000,31.9550830000000,29.7,0.416,51.1029540000000,0.3614,1.2,3,-1.0,1.0,45.750000,4.850000
8/25/23 8:39,30,Male,Mixed Mode,Multifamily housing,Cfb,Summer,30.6449710000000,31.454400000000,29.8,0.128753000000000,39.3055840000000,0.26955,1.6,1,-1.0,1.0,45.750000,4.850000
8/27/23 14:57,30,Female,Mixed Mode,Multifamily housing,Cfb,Summer,27.2264020000000,28.430405000000,26.3,0.128753000000000,40.7777450000000,0.4115,0.8,0,0.0,0.0,45.750000,4.850000
8/27/23 14:59,30,Male,Mixed Mode,Multifamily housing,Cfb,Summer,27.2264020000000,28.430405000000,26.3,0.128753000000000,40.7777450000000,0.4449,0.8,0,0.0,0.0,45.750000,4.850000
8/28/23 23:12,30,Female,Mixed Mode,Multifamily housing,Cfb,Summer,22.7053710000000,23.781091000000,23.9,0.128753000000000,49.9461330000000,0.73715,0.8,0,0.0,0.0,45.750000,4.850000
8/29/23 20:44,30,Female,Mixed Mode,Multifamily housing,Cfb,Summer,23.0061520000000,23.7174300000000,21.4,0.128753000000000,44.8216680000000,0.3614,1.6,0,0.0,0.0,45.750000,4.850000
8/29/23 21:33,30,Male,Mixed Mode,Multifamily housing,Cfb,Summer,23.0571280000000,23.9244500000000,21.4,0.128753000000000,46.2147910000000,0.5284,0.8,0,0.0,0.0,45.750000,4.850000
8/29/23 22:23,30,Female,Mixed Mode,Multifamily housing,Cfb,Summer,22.9677040000000,23.7913280000000,21.4,0.128753000000000,46.4607630000000,0.65365,0.8,0,0.0,0.0,45.750000,4.850000
8/29/23 22:25,30,Male,Mixed Mode,Multifamily housing,Cfb,Summer,22.9677040000000,23.7913280000000,21.4,0.211918000000000,46.4607630000000,0.5284,0.8,-1,1.0,-1.0,45.750000,4.850000
8/30/23 9:04,30,Female,Mixed Mode,Multifamily housing,Cfb,Summer,21.9022020000000,23.0578440000000,19.5,0.128753000000000,47.0452960000000,0.3614,1.2,0,0.0,0.0,45.750000,4.850000
8/30/23 17:03,39,Male,Naturally ventilated,Multifamily housing,Cfb,Summer,23.5204290000000,23.5495810000000,19.5,0.211918000000000,39.0766390000000,0.40315,1.6,-1,1.0,-1.0,45.750000,4.850000
8/31/23 13:16,39,Male,Naturally ventilated,Multifamily housing,Cfb,Summer,24.2485670000000,24.7143930000000,18.7,0.057033000000000,41.4985020000000,0.40315,1.2,1,0.0,1.0,45.750000,4.850000
9/1/23 18:02,39,Female,Naturally ventilated,Multifamily housing,Cfb,Summer,26.2660290000000,26.4444340000000,18.4,0.057033000000000,49.2022940000000,0.3614,1.2,2,-1.0,1.0,45.750000,4.850000
9/2/23 12:53,39,Male,Naturally ventilated,Multifamily housing,Cfb,Summer,25.9382140000000,26.3218670000000,19.0,0.057033000000000,50.0981830000000,0.3614,1.6,2,-1.0,1.0,45.750000,4.850000
9/5/23 8:05,39,Male,Naturally ventilated,Multifamily housing,Cfb,Summer,25.5350620000000,26.1094660000000,22.8,0.057033000000000,50.7683890000000,0.3614,1.2,2,-1.0,1.0,45.750000,4.850000
9/13/23 8:23,30,Male,Naturally ventilated,Multifamily housing,Cfb,Summer,24.4852450000000,25.8073060000000,24.5,0.128753000000000,61.5597370000000,0.53675,0.8,0,0.0,0.0,45.750000,4.850000
9/13/23 20:37,30,Male,Naturally ventilated,Multifamily housing,Cfb,Summer,24.5084270000000,26.1452160000000,24.5,0.057033000000000,66.3425360000000,0.26955,1.9,2,-1.0,1.0,45.750000,4.850000
9/14/23 18:49,30,Male,Naturally ventilated,Multifamily housing,Cfb,Summer,25.2464460000000,25.6983570000000,22.9,0.057033000000000,53.4721950000000,0.3614,1.9,0,0.0,0.0,45.750000,4.850000
9/14/23 22:05,30,Male,Naturally ventilated,Multifamily housing,Cfb,Summer,24.918278,25.5201940000000,22.9,0.057033000000000,48.5159600000000,0.3614,1.2,1,-1.0,1.0,45.750000,4.850000
9/15/23 21:24,30,Male,Naturally ventilated,Multifamily housing,Cfb,Summer,25.8661210000000,26.376830000000,22.1,0.057033000000000,49.7528580000000,0.5618,1.0,-1,0.0,-1.0,45.750000,4.850000
9/17/23 20:24,30,Male,Naturally ventilated,Multifamily housing,Cfb,Summer,27.1895130000000,27.8013080000000,21.6,0.057033000000000,53.8892860000000,0.43655,1.9,3,-1.0,1.0,45.750000,4.850000
9/18/23 19:32,30,Male,Naturally ventilated,Multifamily housing,Cfb,Summer,24.2068950000000,25.497219000000,22.2,0.128753000000000,67.0153480000000,0.4783,1.75,-1,0.0,-1.0,45.750000,4.850000
