Date,Âge,Sexe,cooling type,Building_type,Climate,Season,Tair,tr,Tout,vel,RH,clo,Met,thermal_sensation,thermal_preference,TSV_3p,lat,lon
08-09-04,59,Female,Naturally Ventilated,Office,Cfb,Summer,27.5,27.5,25.5,0.03,45.0,0.44,1.4,2,0.0,1.0,45.750000,4.850000
08-09-04,24,Female,Naturally Ventilated,Office,Cfb,Summer,31.9,31.1,25.5,0.3,33.0,0.5,1.2,1,-1.0,1.0,45.750000,4.850000
08-09-04,26,Male,Naturally Ventilated,Office,Cfb,Summer,31.7,31.5,25.5,0.28,33.0,0.4,1.2,2,-1.0,1.0,45.750000,4.850000
08-09-04,28,Female,Naturally Ventilated,Office,Cfb,Summer,27.1,28.4,16.5,0.19,40.0,0.44,1.075,1,0.0,1.0,45.750000,4.850000
08-09-04,51,Male,Naturally Ventilated,Office,Cfb,Summer,32.4,32.7,16.5,0.49,32.0,0.6,1.1,2,-1.0,1.0,45.750000,4.850000
08-09-04,27,Male,Naturally Ventilated,Office,Cfb,Summer,32.2,32.7,16.5,0.34,33.0,0.38,1.4,2,0.0,1.0,45.750000,4.850000
08-09-04,23,Male,Naturally Ventilated,Office,Cfb,Summer,27.5,29.0,16.8,0.18,39.0,0.6,1.4,1,0.0,1.0,45.750000,4.850000
08-09-04,43,Female,Naturally Ventilated,Office,Cfb,Summer,28.5,29.4,25.4,0.07,38.0,0.49,1.25,1,-1.0,1.0,45.750000,4.850000
08-09-04,49,Female,Naturally Ventilated,Office,Cfb,Summer,27.3,28.7,25.4,0.36,37.0,0.5,1.05,1,-1.0,1.0,45.750000,4.850000
08-09-04,39,Female,Naturally Ventilated,Office,Cfb,Summer,30.0,29.3,25.4,0.03,39.0,0.51,1.075,3,-1.0,1.0,45.750000,4.850000
08-09-04,26,Female,Naturally Ventilated,Office,Cfb,Summer,28.7,29.2,25.4,0.24,37.0,0.4,1.1,1,-1.0,1.0,45.750000,4.850000
08-09-04,25,Male,Naturally Ventilated,Office,Cfb,Summer,30.1,30.6,23.1,0.36,35.0,0.5,1.2,2,-1.0,1.0,45.750000,4.850000
08-09-04,47,Female,Naturally Ventilated,Office,Cfb,Summer,31.5,31.7,24.7,0.12,34.0,0.5,1.175,2,-1.0,1.0,45.750000,4.850000
08-09-04,31,Female,Naturally Ventilated,Office,Cfb,Summer,32.3,33.1,24.7,0.3,34.0,0.46,1.2,2,-1.0,1.0,45.750000,4.850000
08-10-04,24,Female,Naturally Ventilated,Office,Cfb,Summer,25.3,26.8,24.7,0.07,62.0,0.44,1.2,0,0.0,0.0,45.750000,4.850000
08-10-04,26,Male,Naturally Ventilated,Office,Cfb,Summer,25.7,26.1,24.7,0.12,59.0,0.47,1.2,-1,1.0,-1.0,45.750000,4.850000
08-10-04,28,Female,Naturally Ventilated,Office,Cfb,Summer,25.0,27.1,24.7,0.14,62.0,0.43,1.15,0,0.0,0.0,45.750000,4.850000
08-10-04,51,Male,Naturally Ventilated,Office,Cfb,Summer,25.7,28.1,24.7,0.46,63.0,0.6,1.2,0,0.0,0.0,45.750000,4.850000
08-10-04,27,Male,Naturally Ventilated,Office,Cfb,Summer,25.1,27.7,26.6,0.31,65.0,0.51,1.3,0,0.0,0.0,45.750000,4.850000
08-10-04,23,Male,Naturally Ventilated,Office,Cfb,Summer,28.0,28.8,26.6,0.05,57.0,0.66,1.5,0,0.0,0.0,45.750000,4.850000
08-10-04,43,Female,Naturally Ventilated,Office,Cfb,Summer,27.9,28.7,26.6,0.38,55.0,0.44,1.125,1,-1.0,1.0,45.750000,4.850000
08-10-04,49,Female,Naturally Ventilated,Office,Cfb,Summer,29.2,29.8,27.0,0.42,52.0,0.5,1.05,3,-1.0,1.0,45.750000,4.850000
08-10-04,39,Female,Naturally Ventilated,Office,Cfb,Summer,29.0,29.2,27.0,0.05,54.0,0.49,1.2,2,-1.0,1.0,45.750000,4.850000
08-10-04,26,Female,Naturally Ventilated,Office,Cfb,Summer,27.2,27.6,27.0,0.16,58.0,0.41,1.2,0,0.0,0.0,45.750000,4.850000
08-10-04,25,Male,Naturally Ventilated,Office,Cfb,Summer,29.0,29.3,27.0,0.43,54.0,0.58,1.2,0,0.0,0.0,45.750000,4.850000
08-10-04,30,Male,Naturally Ventilated,Office,Cfb,Summer,29.7,30.2,27.0,0.32,50.0,0.68,1.2,2,-1.0,1.0,45.750000,4.850000
08-10-04,47,Female,Naturally Ventilated,Office,Cfb,Summer,29.6,29.6,27.7,0.38,48.0,0.5,1.15,2,-1.0,1.0,45.750000,4.850000
08-10-04,30,Female,Naturally Ventilated,Office,Cfb,Summer,31.9,32.4,27.7,0.29,48.0,0.67,1.2,2,-1.0,1.0,45.750000,4.850000
08-10-04,31,Female,Naturally Ventilated,Office,Cfb,Summer,31.1,32.4,27.7,0.1,49.0,0.5,1.0,1,-1.0,1.0,45.750000,4.850000
08-10-04,45,Male,Naturally Ventilated,Office,Cfb,Summer,29.2,29.8,28.1,0.1,49.0,0.5,1.25,2,-1.0,1.0,45.750000,4.850000
08-11-04,50,Female,Naturally Ventilated,Office,Cfb,Summer,26.6,28.4,28.1,0.09,59.0,0.44,1.275,0,0.0,0.0,45.750000,4.850000
08-11-04,59,Female,Naturally Ventilated,Office,Cfb,Summer,28.4,28.0,28.1,0.03,52.0,0.43,1.4,2,-1.0,1.0,45.750000,4.850000
08-11-04,26,Male,Naturally Ventilated,Office,Cfb,Summer,28.6,29.1,25.2,0.08,48.0,0.44,1.2,1,-1.0,1.0,45.750000,4.850000
08-11-04,28,Female,Naturally Ventilated,Office,Cfb,Summer,29.0,29.6,25.2,0.1,47.0,0.46,1.325,1,-1.0,1.0,45.750000,4.850000
08-11-04,51,Male,Naturally Ventilated,Office,Cfb,Summer,29.5,30.1,25.5,0.49,46.0,0.66,1.2,2,-1.0,1.0,45.750000,4.850000
08-11-04,27,Male,Naturally Ventilated,Office,Cfb,Summer,29.9,30.4,25.5,0.33,47.0,0.51,1.3,1,0.0,1.0,45.750000,4.850000
08-11-04,23,Male,Naturally Ventilated,Office,Cfb,Summer,28.3,29.6,25.5,0.29,43.0,0.7,1.15,1,-1.0,1.0,45.750000,4.850000
08-11-04,49,Female,Naturally Ventilated,Office,Cfb,Summer,27.9,29.3,25.5,0.38,53.0,0.5,1.2,1,-1.0,1.0,45.750000,4.850000
08-11-04,39,Female,Naturally Ventilated,Office,Cfb,Summer,26.9,26.6,21.8,0.05,56.0,0.46,1.2,0,0.0,0.0,45.750000,4.850000
08-11-04,25,Male,Naturally Ventilated,Office,Cfb,Summer,29.4,30.0,23.2,0.38,44.0,0.53,1.075,0,0.0,0.0,45.750000,4.850000
08-11-04,30,Male,Naturally Ventilated,Office,Cfb,Summer,29.1,29.4,23.2,0.39,49.0,0.69,1.1,1,-1.0,1.0,45.750000,4.850000
08-11-04,47,Female,Naturally Ventilated,Office,Cfb,Summer,29.7,30.3,23.2,0.39,43.0,0.5,1.15,1,-1.0,1.0,45.750000,4.850000
08-11-04,31,Female,Naturally Ventilated,Office,Cfb,Summer,29.8,30.4,24.7,0.04,47.0,0.5,1.1,0,0.0,0.0,45.750000,4.850000
08-11-04,30,Female,Naturally Ventilated,Office,Cfb,Summer,29.6,30.7,24.7,0.1,48.0,0.46,1.2,3,-1.0,1.0,45.750000,4.850000
08-11-04,45,Male,Naturally Ventilated,Office,Cfb,Summer,30.1,31.4,29.3,0.12,44.0,0.55,1.2,2,-1.0,1.0,45.750000,4.850000
08-12-04,50,Female,Naturally Ventilated,Office,Cfb,Summer,28.3,27.4,29.7,0.49,43.0,0.46,1.325,1,-1.0,1.0,45.750000,4.850000
08-12-04,59,Female,Naturally Ventilated,Office,Cfb,Summer,27.3,27.8,29.7,0.21,46.0,0.45,1.4,3,-1.0,1.0,45.750000,4.850000
08-12-04,24,Female,Naturally Ventilated,Office,Cfb,Summer,26.9,27.6,29.9,0.1,46.0,0.52,1.3,1,-1.0,1.0,45.750000,4.850000
08-12-04,26,Male,Naturally Ventilated,Office,Cfb,Summer,27.3,26.9,29.9,0.13,44.0,0.45,1.2,0,0.0,0.0,45.750000,4.850000
08-12-04,28,Female,Naturally Ventilated,Office,Cfb,Summer,27.5,27.2,29.9,0.05,53.0,0.46,1.275,1,-1.0,1.0,45.750000,4.850000
08-12-04,51,Male,Naturally Ventilated,Office,Cfb,Summer,29.2,30.1,29.9,0.45,42.0,0.6,1.4,0,-1.0,0.0,45.750000,4.850000
08-12-04,27,Male,Naturally Ventilated,Office,Cfb,Summer,29.4,30.4,22.7,0.25,42.0,0.51,1.3,0,0.0,0.0,45.750000,4.850000
08-12-04,23,Male,Naturally Ventilated,Office,Cfb,Summer,23.7,26.6,22.7,0.53,58.0,0.68,1.4,-1,1.0,-1.0,45.750000,4.850000
08-12-04,43,Female,Naturally Ventilated,Office,Cfb,Summer,29.1,30.7,22.7,0.05,49.0,0.44,1.4,2,-1.0,1.0,45.750000,4.850000
08-12-04,49,Female,Naturally Ventilated,Office,Cfb,Summer,25.1,26.0,22.7,0.39,60.0,0.46,1.05,1,-1.0,1.0,45.750000,4.850000
08-12-04,26,Female,Naturally Ventilated,Office,Cfb,Summer,29.2,29.0,22.2,0.11,42.0,0.4,1.25,1,0.0,1.0,45.750000,4.850000
08-12-04,25,Male,Naturally Ventilated,Office,Cfb,Summer,30.5,30.8,22.2,0.38,41.0,0.6,1.2,2,-1.0,1.0,45.750000,4.850000
08-12-04,30,Male,Naturally Ventilated,Office,Cfb,Summer,29.9,30.6,22.2,0.28,44.0,0.57,1.3,1,-1.0,1.0,45.750000,4.850000
08-12-04,47,Female,Naturally Ventilated,Office,Cfb,Summer,29.4,29.7,22.2,0.4,42.0,0.46,1.075,1,-1.0,1.0,45.750000,4.850000
08-12-04,31,Female,Naturally Ventilated,Office,Cfb,Summer,30.6,30.8,22.2,0.27,40.0,0.46,1.1,0,-1.0,0.0,45.750000,4.850000
08-12-04,30,Female,Naturally Ventilated,Office,Cfb,Summer,30.1,30.3,25.0,0.12,43.0,0.43,1.1,3,-1.0,1.0,45.750000,4.850000
08-12-04,45,Male,Naturally Ventilated,Office,Cfb,Summer,30.6,30.8,26.3,0.27,40.0,0.55,1.15,1,-1.0,1.0,45.750000,4.850000
08-13-04,59,Female,Naturally Ventilated,Office,Cfb,Summer,25.4,25.4,27.4,0.13,44.0,0.45,1.4,2,0.0,1.0,45.750000,4.850000
08-13-04,24,Female,Naturally Ventilated,Office,Cfb,Summer,27.9,28.1,27.4,0.04,38.0,0.44,1.2,1,-1.0,1.0,45.750000,4.850000
08-13-04,26,Male,Naturally Ventilated,Office,Cfb,Summer,27.9,28.1,27.4,0.04,38.0,0.55,1.2,2,-1.0,1.0,45.750000,4.850000
08-13-04,28,Female,Naturally Ventilated,Office,Cfb,Summer,26.7,27.7,27.4,0.05,53.0,0.5,1.15,1,0.0,1.0,45.750000,4.850000
08-13-04,51,Male,Naturally Ventilated,Office,Cfb,Summer,28.6,29.7,21.6,0.06,39.0,0.6,1.2,2,-1.0,1.0,45.750000,4.850000
08-13-04,27,Male,Naturally Ventilated,Office,Cfb,Summer,28.6,29.7,21.6,0.06,39.0,0.51,1.2,2,0.0,1.0,45.750000,4.850000
08-13-04,43,Female,Naturally Ventilated,Office,Cfb,Summer,28.5,29.4,21.6,0.07,38.0,0.45,1.3,1,-1.0,1.0,45.750000,4.850000
08-13-04,49,Female,Naturally Ventilated,Office,Cfb,Summer,27.3,28.7,21.6,0.36,37.0,0.5,1.15,1,-1.0,1.0,45.750000,4.850000
08-13-04,39,Female,Naturally Ventilated,Office,Cfb,Summer,28.5,29.4,23.0,0.07,38.0,0.56,1.5,3,-1.0,1.0,45.750000,4.850000
08-13-04,26,Female,Naturally Ventilated,Office,Cfb,Summer,29.2,29.0,23.0,0.11,42.0,0.4,1.175,1,-1.0,1.0,45.750000,4.850000
08-13-04,25,Male,Naturally Ventilated,Office,Cfb,Summer,28.8,29.3,25.9,0.33,33.0,0.57,1.2,2,-1.0,1.0,45.750000,4.850000
08-13-04,47,Female,Naturally Ventilated,Office,Cfb,Summer,28.3,27.5,26.6,0.31,34.0,0.5,1.0,2,-1.0,1.0,45.750000,4.850000
08-13-04,31,Female,Naturally Ventilated,Office,Cfb,Summer,30.0,31.0,26.6,0.27,33.0,0.46,1.125,2,-1.0,1.0,45.750000,4.850000
09-10-04,40,Female,Naturally Ventilated,Office,Cfb,Summer,28.1,28.6,26.9,0.04,35.0,0.55,1.0,3,-1.0,1.0,45.750000,4.850000
09-10-04,40,Female,Naturally Ventilated,Office,Cfb,Summer,27.6,27.4,26.9,0.24,34.0,0.48,1.2,0,0.0,0.0,45.750000,4.850000
09-10-04,51,Female,Naturally Ventilated,Office,Cfb,Summer,26.8,27.3,26.9,0.06,36.0,0.47,1.375,1,-1.0,1.0,45.750000,4.850000
09-10-04,45,Male,Naturally Ventilated,Office,Cfb,Summer,26.4,26.0,27.1,0.12,36.0,0.66,1.2,1,-1.0,1.0,45.750000,4.850000
09-10-04,51,Male,Naturally Ventilated,Office,Cfb,Summer,26.7,27.1,27.1,0.19,35.0,0.59,1.25,1,-1.0,1.0,45.750000,4.850000
09-10-04,31,Female,Naturally Ventilated,Office,Cfb,Summer,26.3,25.8,22.2,0.04,39.0,0.56,1.15,0,0.0,0.0,45.750000,4.850000
09-10-04,35,Male,Naturally Ventilated,Office,Cfb,Summer,26.4,25.9,23.6,0.07,37.0,0.65,1.3,1,0.0,1.0,45.750000,4.850000
09-10-04,52,Female,Naturally Ventilated,Office,Cfb,Summer,27.9,28.1,23.6,0.22,33.0,0.5,1.2,3,-1.0,1.0,45.750000,4.850000
09-10-04,54,Female,Naturally Ventilated,Office,Cfb,Summer,28.4,28.6,23.6,0.1,33.0,0.47,1.45,2,0.0,1.0,45.750000,4.850000
09-10-04,33,Male,Naturally Ventilated,Office,Cfb,Summer,28.3,27.9,23.6,0.09,33.0,0.57,1.125,2,0.0,1.0,45.750000,4.850000
09-10-04,57,Female,Naturally Ventilated,Office,Cfb,Summer,28.7,28.7,25.1,0.04,36.0,0.6,1.2,3,-1.0,1.0,45.750000,4.850000
09-13-04,40,Female,Naturally Ventilated,Office,Cfb,Summer,26.1,26.6,25.1,0.04,43.0,0.5,1.275,0,0.0,0.0,45.750000,4.850000
09-13-04,40,Female,Naturally Ventilated,Office,Cfb,Summer,26.1,26.1,25.8,0.04,43.0,0.45,1.2,0,0.0,0.0,45.750000,4.850000
09-13-04,51,Female,Naturally Ventilated,Office,Cfb,Summer,23.2,24.0,25.8,0.05,49.0,0.44,1.4,1,-1.0,1.0,45.750000,4.850000
09-13-04,45,Male,Naturally Ventilated,Office,Cfb,Summer,22.4,23.3,23.1,0.04,49.0,0.6,1.2,-1,1.0,-1.0,45.750000,4.850000
09-13-04,31,Female,Naturally Ventilated,Office,Cfb,Summer,22.1,22.3,23.1,0.04,50.0,0.53,1.2,1,-1.0,1.0,45.750000,4.850000
09-13-04,35,Male,Naturally Ventilated,Office,Cfb,Summer,21.9,21.6,23.1,0.03,51.0,0.58,1.2,0,1.0,0.0,45.750000,4.850000
09-13-04,52,Female,Naturally Ventilated,Office,Cfb,Summer,24.9,25.3,23.1,0.02,46.0,0.4,1.2,1,-1.0,1.0,45.750000,4.850000
09-13-04,52,Female,Naturally Ventilated,Office,Cfb,Summer,25.7,26.0,22.5,0.03,44.0,0.51,1.225,1,0.0,1.0,45.750000,4.850000
09-13-04,48,Male,Naturally Ventilated,Office,Cfb,Summer,23.9,24.5,22.5,0.04,49.0,0.53,1.1,0,0.0,0.0,45.750000,4.850000
09-13-04,51,Female,Naturally Ventilated,Office,Cfb,Summer,24.4,25.0,22.5,0.03,48.0,0.64,1.1,1,0.0,1.0,45.750000,4.850000
09-13-04,53,Female,Naturally Ventilated,Office,Cfb,Summer,25.5,26.2,20.0,0.02,51.0,0.8,1.2,0,0.0,0.0,45.750000,4.850000
09-13-04,25,Female,Naturally Ventilated,Office,Cfb,Summer,24.5,25.3,20.0,0.04,49.0,0.87,1.15,-1,1.0,-1.0,45.750000,4.850000
09-13-04,24,Male,Naturally Ventilated,Office,Cfb,Summer,24.5,25.3,21.0,0.04,49.0,0.69,1.2,0,0.0,0.0,45.750000,4.850000
09-13-04,59,Male,Naturally Ventilated,Office,Cfb,Summer,24.3,24.9,21.0,0.05,48.0,0.63,1.1,0,0.0,0.0,45.750000,4.850000
09-13-04,24,Male,Naturally Ventilated,Office,Cfb,Summer,24.2,25.3,21.0,0.16,48.0,0.5,1.2,0,0.0,0.0,45.750000,4.850000
09-14-04,40,Female,Naturally Ventilated,Office,Cfb,Summer,25.9,27.1,21.0,0.06,52.0,0.53,1.4,2,-1.0,1.0,45.750000,4.850000
09-14-04,40,Female,Naturally Ventilated,Office,Cfb,Summer,26.3,26.3,21.8,0.04,50.0,0.48,1.2,2,-1.0,1.0,45.750000,4.850000
09-14-04,51,Female,Naturally Ventilated,Office,Cfb,Summer,24.2,24.4,24.2,0.1,56.0,0.44,1.2,-1,-1.0,-1.0,45.750000,4.850000
09-14-04,51,Male,Naturally Ventilated,Office,Cfb,Summer,23.8,24.1,24.2,0.02,57.0,0.55,1.2,0,0.0,0.0,45.750000,4.850000
09-14-04,31,Female,Naturally Ventilated,Office,Cfb,Summer,24.6,24.6,24.2,0.05,54.0,0.51,1.15,0,0.0,0.0,45.750000,4.850000
09-14-04,35,Male,Naturally Ventilated,Office,Cfb,Summer,23.9,24.0,24.2,0.03,58.0,0.55,1.625,0,0.0,0.0,45.750000,4.850000
09-14-04,52,Female,Naturally Ventilated,Office,Cfb,Summer,26.8,26.8,24.6,0.06,54.0,0.76,1.2,0,0.0,0.0,45.750000,4.850000
09-14-04,52,Female,Naturally Ventilated,Office,Cfb,Summer,26.5,26.6,24.6,0.03,50.0,0.44,1.275,1,0.0,1.0,45.750000,4.850000
09-14-04,54,Female,Naturally Ventilated,Office,Cfb,Summer,24.1,24.9,24.6,0.06,57.0,0.63,1.325,1,-1.0,1.0,45.750000,4.850000
09-14-04,33,Male,Naturally Ventilated,Office,Cfb,Summer,24.6,25.2,24.6,0.03,55.0,0.59,1.2,1,-1.0,1.0,45.750000,4.850000
09-14-04,48,Male,Naturally Ventilated,Office,Cfb,Summer,24.0,24.0,26.0,0.14,55.0,0.53,1.2,-1,0.0,-1.0,45.750000,4.850000
09-14-04,57,Female,Naturally Ventilated,Office,Cfb,Summer,24.0,24.0,27.1,0.14,55.0,0.61,1.2,1,-1.0,1.0,45.750000,4.850000
09-14-04,51,Female,Naturally Ventilated,Office,Cfb,Summer,23.6,24.4,27.1,0.04,58.0,0.64,1.15,0,1.0,0.0,45.750000,4.850000
09-14-04,53,Female,Naturally Ventilated,Office,Cfb,Summer,25.8,26.2,27.1,0.02,54.0,0.57,1.15,1,0.0,1.0,45.750000,4.850000
09-14-04,24,Male,Naturally Ventilated,Office,Cfb,Summer,24.6,25.4,27.1,0.05,55.0,0.61,1.2,1,-1.0,1.0,45.750000,4.850000
09-14-04,24,Male,Naturally Ventilated,Office,Cfb,Summer,24.9,24.9,27.7,0.05,53.0,0.56,1.2,-1,1.0,-1.0,45.750000,4.850000
09-15-04,40,Female,Naturally Ventilated,Office,Cfb,Summer,24.9,26.3,27.7,0.03,49.0,0.48,1.2,1,0.0,1.0,45.750000,4.850000
09-15-04,40,Female,Naturally Ventilated,Office,Cfb,Summer,24.8,25.0,27.7,0.05,46.0,0.59,1.2,0,0.0,0.0,45.750000,4.850000
09-15-04,31,Female,Naturally Ventilated,Office,Cfb,Summer,22.9,22.9,28.0,0.04,53.0,0.51,1.3,1,-1.0,1.0,45.750000,4.850000
09-15-04,35,Male,Naturally Ventilated,Office,Cfb,Summer,22.7,22.8,28.0,0.02,53.0,0.58,1.3,0,0.0,0.0,45.750000,4.850000
09-15-04,52,Female,Naturally Ventilated,Office,Cfb,Summer,24.8,25.6,28.0,0.04,47.0,0.81,1.2,1,0.0,1.0,45.750000,4.850000
09-15-04,52,Female,Naturally Ventilated,Office,Cfb,Summer,26.0,26.6,15.3,0.05,45.0,0.5,1.125,2,0.0,1.0,45.750000,4.850000
09-15-04,54,Female,Naturally Ventilated,Office,Cfb,Summer,24.7,24.9,15.3,0.07,44.0,0.58,1.6,0,0.0,0.0,45.750000,4.850000
09-15-04,33,Male,Naturally Ventilated,Office,Cfb,Summer,24.3,24.3,18.0,0.04,45.0,0.66,1.2,0,0.0,0.0,45.750000,4.850000
09-15-04,48,Male,Naturally Ventilated,Office,Cfb,Summer,23.8,24.0,18.0,0.05,48.0,0.53,1.2,1,-1.0,1.0,45.750000,4.850000
09-15-04,57,Female,Naturally Ventilated,Office,Cfb,Summer,23.8,24.0,18.0,0.05,48.0,0.59,1.15,0,0.0,0.0,45.750000,4.850000
09-15-04,51,Female,Naturally Ventilated,Office,Cfb,Summer,23.8,24.8,18.0,0.05,49.0,0.64,1.125,0,1.0,0.0,45.750000,4.850000
09-15-04,25,Female,Naturally Ventilated,Office,Cfb,Summer,24.2,24.4,18.0,0.04,47.0,0.51,1.15,-1,1.0,-1.0,45.750000,4.850000
09-15-04,24,Male,Naturally Ventilated,Office,Cfb,Summer,24.4,25.0,18.0,0.04,47.0,0.56,1.2,1,-1.0,1.0,45.750000,4.850000
09-15-04,59,Male,Naturally Ventilated,Office,Cfb,Summer,23.5,24.3,19.9,0.05,47.0,0.69,1.2,0,0.0,0.0,45.750000,4.850000
09-17-04,40,Female,Naturally Ventilated,Office,Cfb,Summer,24.9,25.5,19.9,0.02,41.0,0.55,1.475,1,-1.0,1.0,45.750000,4.850000
09-17-04,40,Female,Naturally Ventilated,Office,Cfb,Summer,24.9,24.6,19.9,0.04,40.0,0.63,1.2,1,-1.0,1.0,45.750000,4.850000
09-17-04,51,Male,Naturally Ventilated,Office,Cfb,Summer,23.0,23.3,19.9,0.02,42.0,0.63,1.3,0,0.0,0.0,45.750000,4.850000
09-17-04,35,Male,Naturally Ventilated,Office,Cfb,Summer,22.8,22.4,19.9,0.02,44.0,0.83,1.15,0,0.0,0.0,45.750000,4.850000
09-17-04,52,Female,Naturally Ventilated,Office,Cfb,Summer,26.2,25.9,21.5,0.34,38.0,0.59,1.125,2,-1.0,1.0,45.750000,4.850000
09-17-04,33,Male,Naturally Ventilated,Office,Cfb,Summer,24.8,25.0,19.0,0.05,39.0,0.66,1.1,0,0.0,0.0,45.750000,4.850000
09-17-04,48,Male,Naturally Ventilated,Office,Cfb,Summer,24.7,25.7,19.0,0.03,41.0,0.56,1.2,2,-1.0,1.0,45.750000,4.850000
09-17-04,53,Female,Naturally Ventilated,Office,Cfb,Summer,25.5,27.5,19.0,0.04,40.0,0.57,1.2,0,0.0,0.0,45.750000,4.850000
09-17-04,25,Female,Naturally Ventilated,Office,Cfb,Summer,23.6,23.9,19.0,0.06,43.0,0.9,1.2,0,0.0,0.0,45.750000,4.850000
09-17-04,24,Male,Naturally Ventilated,Office,Cfb,Summer,23.7,24.3,19.6,0.04,43.0,0.66,1.2,0,0.0,0.0,45.750000,4.850000
09-17-04,59,Male,Naturally Ventilated,Office,Cfb,Summer,23.7,23.1,19.6,0.05,41.0,0.63,1.2,0,0.0,0.0,45.750000,4.850000
08-03-04,26,Male,Naturally Ventilated,Office,Cfb,Summer,32.9,32.4,19.6,0.28,43.0,0.46,1.325,2,-1.0,1.0,45.750000,4.850000
08-03-04,26,Male,Naturally Ventilated,Office,Cfb,Summer,32.3,32.3,19.6,0.35,44.0,0.41,1.15,3,-1.0,1.0,45.750000,4.850000
08-03-04,42,Male,Naturally Ventilated,Office,Cfb,Summer,29.8,29.5,19.6,0.42,51.0,0.62,1.2,2,-1.0,1.0,45.750000,4.850000
08-03-04,50,Female,Naturally Ventilated,Office,Cfb,Summer,29.7,28.8,19.6,0.17,48.0,0.64,1.4,0,0.0,0.0,45.750000,4.850000
08-03-04,23,Male,Naturally Ventilated,Office,Cfb,Summer,26.7,27.4,19.7,0.21,42.0,0.51,1.125,2,-1.0,1.0,45.750000,4.850000
08-03-04,24,Male,Naturally Ventilated,Office,Cfb,Summer,31.8,31.8,19.7,0.12,46.0,0.61,1.15,3,-1.0,1.0,45.750000,4.850000
08-03-04,25,Male,Naturally Ventilated,Office,Cfb,Summer,29.8,29.5,19.2,0.42,51.0,0.43,1.2,2,-1.0,1.0,45.750000,4.850000
08-03-04,23,Male,Naturally Ventilated,Office,Cfb,Summer,31.8,31.8,19.2,0.12,46.0,0.45,1.15,2,-1.0,1.0,45.750000,4.850000
08-03-04,23,Female,Naturally Ventilated,Office,Cfb,Summer,26.4,28.3,17.9,0.17,43.0,0.43,1.2,1,0.0,1.0,45.750000,4.850000
08-03-04,23,Male,Naturally Ventilated,Office,Cfb,Summer,25.5,25.7,17.9,0.11,44.0,0.55,1.2,0,0.0,0.0,45.750000,4.850000
08-04-04,26,Male,Naturally Ventilated,Office,Cfb,Summer,32.1,32.1,19.1,0.34,41.0,0.43,1.15,3,-1.0,1.0,45.750000,4.850000
08-04-04,26,Male,Naturally Ventilated,Office,Cfb,Summer,32.1,32.1,19.1,0.34,41.0,0.41,1.2,2,-1.0,1.0,45.750000,4.850000
08-04-04,26,Male,Naturally Ventilated,Office,Cfb,Summer,31.7,32.0,19.1,0.06,41.0,0.48,1.325,2,-1.0,1.0,45.750000,4.850000
08-04-04,42,Male,Naturally Ventilated,Office,Cfb,Summer,29.6,29.6,19.1,0.52,45.0,0.54,1.475,2,-1.0,1.0,45.750000,4.850000
08-04-04,50,Female,Naturally Ventilated,Office,Cfb,Summer,29.7,28.4,19.1,0.06,44.0,0.5,1.4,0,0.0,0.0,45.750000,4.850000
08-04-04,23,Male,Naturally Ventilated,Office,Cfb,Summer,24.4,25.3,20.0,0.21,45.0,0.48,1.0,0,0.0,0.0,45.750000,4.850000
08-04-04,30,Male,Naturally Ventilated,Office,Cfb,Summer,31.8,31.8,20.0,0.27,41.0,0.63,1.375,0,-1.0,0.0,45.750000,4.850000
08-04-04,24,Male,Naturally Ventilated,Office,Cfb,Summer,32.2,32.0,20.0,0.22,42.0,0.61,1.2,2,-1.0,1.0,45.750000,4.850000
08-04-04,25,Male,Naturally Ventilated,Office,Cfb,Summer,31.6,31.6,20.0,0.34,41.0,0.49,1.2,2,-1.0,1.0,45.750000,4.850000
08-04-04,23,Male,Naturally Ventilated,Office,Cfb,Summer,32.2,32.0,20.0,0.22,42.0,0.45,1.2,2,-1.0,1.0,45.750000,4.850000
08-04-04,23,Male,Naturally Ventilated,Office,Cfb,Summer,23.2,23.9,22.9,0.16,46.0,0.56,1.2,-1,1.0,-1.0,45.750000,4.850000
08-05-04,26,Male,Naturally Ventilated,Office,Cfb,Summer,31.8,31.5,21.0,0.39,46.0,0.6,1.4,1,-1.0,1.0,45.750000,4.850000
08-05-04,26,Male,Naturally Ventilated,Office,Cfb,Summer,31.6,31.6,21.0,0.32,46.0,0.59,1.4,2,-1.0,1.0,45.750000,4.850000
08-05-04,42,Male,Naturally Ventilated,Office,Cfb,Summer,25.8,26.8,21.0,0.07,57.0,0.49,1.2,1,-1.0,1.0,45.750000,4.850000
08-05-04,50,Female,Naturally Ventilated,Office,Cfb,Summer,26.5,25.8,21.0,0.07,49.0,0.48,1.35,-1,0.0,-1.0,45.750000,4.850000
08-05-04,23,Male,Naturally Ventilated,Office,Cfb,Summer,25.7,27.5,21.0,0.2,45.0,0.48,1.0,1,0.0,1.0,45.750000,4.850000
08-05-04,24,Male,Naturally Ventilated,Office,Cfb,Summer,31.5,31.3,21.0,0.26,47.0,0.58,1.15,3,-1.0,1.0,45.750000,4.850000
08-05-04,25,Male,Naturally Ventilated,Office,Cfb,Summer,30.9,30.9,21.0,0.35,43.0,0.53,1.2,1,0.0,1.0,45.750000,4.850000
08-05-04,23,Male,Naturally Ventilated,Office,Cfb,Summer,31.5,31.3,21.0,0.26,47.0,0.45,1.15,1,0.0,1.0,45.750000,4.850000
08-05-04,23,Female,Naturally Ventilated,Office,Cfb,Summer,25.9,27.2,21.0,0.16,45.0,0.51,1.075,1,0.0,1.0,45.750000,4.850000
08-05-04,23,Male,Naturally Ventilated,Office,Cfb,Summer,24.5,24.7,21.0,0.15,45.0,0.56,1.175,0,0.0,0.0,45.750000,4.850000
08-06-04,26,Male,Naturally Ventilated,Office,Cfb,Summer,32.3,32.0,22.0,0.31,42.0,0.41,1.1,1,-1.0,1.0,45.750000,4.850000
08-06-04,26,Male,Naturally Ventilated,Office,Cfb,Summer,31.5,31.8,22.0,0.37,45.0,0.46,1.325,2,-1.0,1.0,45.750000,4.850000
08-06-04,26,Male,Naturally Ventilated,Office,Cfb,Summer,32.3,32.3,22.0,0.13,43.0,0.4,1.3,1,-1.0,1.0,45.750000,4.850000
08-06-04,42,Male,Naturally Ventilated,Office,Cfb,Summer,29.2,29.5,22.0,0.55,45.0,0.46,1.2,1,-1.0,1.0,45.750000,4.850000
08-06-04,24,Male,Naturally Ventilated,Office,Cfb,Summer,32.1,31.9,22.0,0.24,43.0,0.61,1.2,2,-1.0,1.0,45.750000,4.850000
08-06-04,23,Male,Naturally Ventilated,Office,Cfb,Summer,32.1,31.9,22.0,0.24,43.0,0.45,1.2,1,-1.0,1.0,45.750000,4.850000
07-06-04,41,Female,Naturally Ventilated,Office,Cfb,Summer,27.3,27.9,21.6,0.15,48.0,0.44,1.325,1,-1.0,1.0,45.750000,4.850000
07-06-04,36,Female,Naturally Ventilated,Office,Cfb,Summer,27.3,27.9,21.6,0.15,48.0,0.6,1.5,3,-1.0,1.0,45.750000,4.850000
07-06-04,18,Female,Naturally Ventilated,Office,Cfb,Summer,27.3,27.9,21.6,0.15,48.0,0.46,1.475,2,-1.0,1.0,45.750000,4.850000
07-08-04,41,Female,Naturally Ventilated,Office,Cfb,Summer,24.2,26.7,18.9,0.26,44.0,0.5,1.5,1,0.0,1.0,45.750000,4.850000
07-08-04,36,Female,Naturally Ventilated,Office,Cfb,Summer,25.3,26.9,18.9,0.09,43.0,0.6,1.25,0,0.0,0.0,45.750000,4.850000
07-08-04,18,Female,Naturally Ventilated,Office,Cfb,Summer,25.3,26.9,18.9,0.09,43.0,0.49,1.125,1,0.0,1.0,45.750000,4.850000
07-08-04,24,Male,Naturally Ventilated,Office,Cfb,Summer,24.2,26.7,18.9,0.26,44.0,0.66,1.325,1,-1.0,1.0,45.750000,4.850000
07-15-04,41,Female,Naturally Ventilated,Office,Cfb,Summer,27.0,26.8,19.9,0.06,40.0,0.47,1.2,0,0.0,0.0,45.750000,4.850000
07-15-04,36,Female,Naturally Ventilated,Office,Cfb,Summer,27.2,27.2,19.9,0.04,38.0,0.56,1.175,1,-1.0,1.0,45.750000,4.850000
07-15-04,18,Female,Naturally Ventilated,Office,Cfb,Summer,27.2,27.2,19.9,0.04,38.0,0.46,1.3,2,-1.0,1.0,45.750000,4.850000
07-15-04,49,Female,Naturally Ventilated,Office,Cfb,Summer,27.5,28.1,19.9,0.05,38.0,0.44,1.2,1,-1.0,1.0,45.750000,4.850000
03-07-05,28,Female,Naturally Ventilated,Office,Cfb,Winter,22.0,21.1,-2.5,0.04,20.2,0.43,1.05,-1,1.0,-1.0,45.750000,4.850000
03-07-05,27,Male,Naturally Ventilated,Office,Cfb,Winter,22.2,23.1,-1.1,0.0,25.9,0.99,1.2,0,0.0,0.0,45.750000,4.850000
03-07-05,30,Male,Naturally Ventilated,Office,Cfb,Winter,22.1,21.2,-1.1,0.07,24.0,1.0,1.4,1,0.0,1.0,45.750000,4.850000
03-07-05,45,Male,Naturally Ventilated,Office,Cfb,Winter,22.1,22.8,2.4,0.07,21.1,1.16,1.25,1,0.0,1.0,45.750000,4.850000
03-07-05,30,Female,Naturally Ventilated,Office,Cfb,Winter,23.8,24.3,2.4,0.07,22.0,0.76,1.35,0,0.0,0.0,45.750000,4.850000
03-07-05,49,Female,Naturally Ventilated,Office,Cfb,Winter,21.7,22.5,2.4,0.05,24.0,0.51,1.125,0,0.0,0.0,45.750000,4.850000
03-08-05,26,Male,Naturally Ventilated,Office,Cfb,Winter,23.4,22.9,1.9,0.06,26.0,0.71,1.2,0,0.0,0.0,45.750000,4.850000
03-08-05,27,Male,Naturally Ventilated,Office,Cfb,Winter,22.8,23.4,1.0,0.04,28.0,0.91,1.3,1,0.0,1.0,45.750000,4.850000
03-08-05,30,Male,Naturally Ventilated,Office,Cfb,Winter,21.7,21.6,1.0,0.02,30.0,0.91,1.2,0,0.0,0.0,45.750000,4.850000
03-08-05,45,Male,Naturally Ventilated,Office,Cfb,Winter,23.3,21.8,1.8,0.05,27.0,0.64,1.05,0,0.0,0.0,45.750000,4.850000
03-08-05,30,Female,Naturally Ventilated,Office,Cfb,Winter,23.8,24.9,1.8,0.04,28.0,0.78,1.2,0,0.0,0.0,45.750000,4.850000
03-08-05,49,Female,Naturally Ventilated,Office,Cfb,Winter,21.7,21.9,3.6,0.05,27.0,0.51,1.2,0,0.0,0.0,45.750000,4.850000
03-09-05,26,Male,Naturally Ventilated,Office,Cfb,Winter,22.8,22.2,2.4,0.09,25.0,0.59,1.3,0,0.0,0.0,45.750000,4.850000
03-10-05,26,Male,Naturally Ventilated,Office,Cfb,Winter,23.6,23.3,5.4,0.04,27.0,0.74,1.2,1,0.0,1.0,45.750000,4.850000
03-10-05,27,Male,Naturally Ventilated,Office,Cfb,Winter,24.2,24.7,6.9,0.06,24.0,0.56,1.3,1,0.0,1.0,45.750000,4.850000
03-10-05,30,Male,Naturally Ventilated,Office,Cfb,Winter,22.3,22.5,6.9,0.07,31.0,1.09,1.4,1,0.0,1.0,45.750000,4.850000
03-10-05,45,Male,Naturally Ventilated,Office,Cfb,Winter,24.0,22.5,7.7,0.02,27.0,0.88,1.15,1,-1.0,1.0,45.750000,4.850000
03-10-05,49,Female,Naturally Ventilated,Office,Cfb,Winter,23.4,23.4,8.0,0.04,28.0,0.47,1.2,2,-1.0,1.0,45.750000,4.850000
03-11-05,26,Male,Naturally Ventilated,Office,Cfb,Winter,24.2,24.0,7.8,0.05,24.0,0.59,1.2,1,0.0,1.0,45.750000,4.850000
03-11-05,27,Male,Naturally Ventilated,Office,Cfb,Winter,23.1,23.3,2.4,0.09,23.0,0.73,1.4,0,0.0,0.0,45.750000,4.850000
03-11-05,30,Male,Naturally Ventilated,Office,Cfb,Winter,24.0,22.9,2.4,0.08,24.0,0.67,1.4,2,-1.0,1.0,45.750000,4.850000
03-11-05,45,Male,Naturally Ventilated,Office,Cfb,Winter,24.3,24.8,4.4,0.06,25.0,1.08,1.125,1,-1.0,1.0,45.750000,4.850000
03-11-05,30,Female,Naturally Ventilated,Office,Cfb,Winter,25.4,25.7,4.4,0.04,24.0,0.81,1.2,0,0.0,0.0,45.750000,4.850000
03-11-05,49,Female,Naturally Ventilated,Office,Cfb,Winter,24.4,25.3,9.6,0.04,27.0,0.34,1.2,1,-1.0,1.0,45.750000,4.850000
03-07-07,25,Male,Naturally Ventilated,Office,Cfb,Winter,25.5,26.0,9.8,0.04,22.0,0.75,1.2,1,-1.0,1.0,45.750000,4.850000
03-08-07,25,Male,Naturally Ventilated,Office,Cfb,Winter,24.7,25.8,9.8,0.05,25.0,0.66,1.2,0,0.0,0.0,45.750000,4.850000
03-09-07,25,Male,Naturally Ventilated,Office,Cfb,Winter,25.2,25.8,9.6,0.02,25.0,0.69,1.2,0,0.0,0.0,45.750000,4.850000
03-10-07,25,Male,Naturally Ventilated,Office,Cfb,Winter,26.2,26.4,8.9,0.07,24.0,0.69,1.25,1,-1.0,1.0,45.750000,4.850000
03-10-07,24,Male,Naturally Ventilated,Office,Cfb,Winter,25.9,25.4,3.7,0.04,24.0,0.86,1.1,1,-1.0,1.0,45.750000,4.850000
03-10-07,50,Female,Naturally Ventilated,Office,Cfb,Winter,25.8,24.5,7.2,0.05,23.0,0.91,1.5,-1,0.0,-1.0,45.750000,4.850000
03-11-07,24,Male,Naturally Ventilated,Office,Cfb,Winter,26.0,25.7,10.1,0.05,21.0,0.97,1.375,1,-1.0,1.0,45.750000,4.850000
03-14-05,41,Female,Naturally Ventilated,Office,Cfb,Winter,23.9,23.2,10.1,0.09,23.0,0.72,1.15,0,0.0,0.0,45.750000,4.850000
03-14-05,50,Female,Naturally Ventilated,Office,Cfb,Winter,24.1,24.1,10.1,0.08,25.0,0.35,1.2,1,0.0,1.0,45.750000,4.850000
03-14-05,51,Male,Naturally Ventilated,Office,Cfb,Winter,23.4,22.3,17.8,0.05,24.0,0.74,1.2,0,0.0,0.0,45.750000,4.850000
03-14-05,31,Female,Naturally Ventilated,Office,Cfb,Winter,24.5,23.7,18.8,0.05,23.0,1.03,1.525,1,-1.0,1.0,45.750000,4.850000
03-14-05,52,Female,Naturally Ventilated,Office,Cfb,Winter,23.4,22.3,18.8,0.08,24.0,0.43,1.15,1,1.0,1.0,45.750000,4.850000
03-14-05,48,Male,Naturally Ventilated,Office,Cfb,Winter,24.2,24.0,18.8,0.08,25.0,0.88,1.2,1,0.0,1.0,45.750000,4.850000
03-14-05,57,Female,Naturally Ventilated,Office,Cfb,Winter,24.0,24.0,18.8,0.06,25.0,0.66,1.2,1,0.0,1.0,45.750000,4.850000
03-14-05,53,Female,Naturally Ventilated,Office,Cfb,Winter,22.6,22.3,18.8,0.07,24.0,0.64,1.3,0,0.0,0.0,45.750000,4.850000
03-15-05,40,Female,Naturally Ventilated,Office,Cfb,Winter,23.5,22.8,19.1,0.08,30.0,0.54,1.1,0,0.0,0.0,45.750000,4.850000
03-15-05,51,Male,Naturally Ventilated,Office,Cfb,Winter,23.3,23.8,19.1,0.06,32.0,0.74,1.525,1,-1.0,1.0,45.750000,4.850000
03-15-05,31,Female,Naturally Ventilated,Office,Cfb,Winter,21.6,21.8,6.8,0.08,33.0,0.85,1.325,0,0.0,0.0,45.750000,4.850000
03-15-05,52,Female,Naturally Ventilated,Office,Cfb,Winter,25.3,26.3,11.2,0.06,29.0,0.54,1.2,2,0.0,1.0,45.750000,4.850000
03-15-05,48,Male,Naturally Ventilated,Office,Cfb,Winter,23.8,23.3,11.2,0.06,31.0,0.32,1.2,0,0.0,0.0,45.750000,4.850000
03-15-05,57,Female,Naturally Ventilated,Office,Cfb,Winter,23.9,23.2,11.2,0.06,30.0,0.91,1.2,0,0.0,0.0,45.750000,4.850000
03-15-05,51,Female,Naturally Ventilated,Office,Cfb,Winter,23.6,23.2,11.2,0.08,32.0,0.54,1.35,1,0.0,1.0,45.750000,4.850000
03-15-05,53,Female,Naturally Ventilated,Office,Cfb,Winter,24.5,24.7,11.2,0.04,30.0,0.65,1.2,1,0.0,1.0,45.750000,4.850000
03-15-05,24,Male,Naturally Ventilated,Office,Cfb,Winter,23.6,23.4,14.4,0.07,30.0,0.44,1.4,0,0.0,0.0,45.750000,4.850000
03-16-05,51,Male,Naturally Ventilated,Office,Cfb,Winter,23.5,23.8,14.4,0.04,30.5,0.74,1.2,0,0.0,0.0,45.750000,4.850000
03-16-05,52,Female,Naturally Ventilated,Office,Cfb,Winter,24.4,23.6,16.2,0.06,27.0,0.67,1.125,2,0.0,1.0,45.750000,4.850000
03-16-05,54,Female,Naturally Ventilated,Office,Cfb,Winter,25.2,25.2,5.5,0.07,25.0,0.44,1.2,1,0.0,1.0,45.750000,4.850000
03-16-05,24,Female,Naturally Ventilated,Office,Cfb,Winter,24.9,24.7,8.0,0.06,25.0,0.67,1.55,1,0.0,1.0,45.750000,4.850000
03-16-05,53,Female,Naturally Ventilated,Office,Cfb,Winter,24.9,24.7,11.0,0.06,25.0,0.78,1.15,1,-1.0,1.0,45.750000,4.850000
03-18-05,40,Female,Naturally Ventilated,Office,Cfb,Winter,23.2,23.2,4.7,0.06,35.0,0.51,1.25,0,0.0,0.0,45.750000,4.850000
03-18-05,51,Male,Naturally Ventilated,Office,Cfb,Winter,24.6,24.7,4.7,0.03,33.0,0.47,1.4,1,-1.0,1.0,45.750000,4.850000
03-18-05,52,Female,Naturally Ventilated,Office,Cfb,Winter,25.3,25.7,4.7,0.03,31.0,0.69,1.2,1,0.0,1.0,45.750000,4.850000
03-18-05,52,Female,Naturally Ventilated,Office,Cfb,Winter,23.9,23.6,5.8,0.04,34.0,0.57,1.075,1,0.0,1.0,45.750000,4.850000
03-18-05,54,Female,Naturally Ventilated,Office,Cfb,Winter,24.2,23.1,5.8,0.08,32.0,0.35,1.5,0,0.0,0.0,45.750000,4.850000
03-18-05,48,Male,Naturally Ventilated,Office,Cfb,Winter,23.6,22.8,5.8,0.06,35.0,0.66,1.2,1,0.0,1.0,45.750000,4.850000
03-18-05,57,Female,Naturally Ventilated,Office,Cfb,Winter,23.6,22.8,12.5,0.06,35.0,0.91,1.15,0,0.0,0.0,45.750000,4.850000
03-18-05,51,Female,Naturally Ventilated,Office,Cfb,Winter,23.9,22.6,12.5,0.08,34.0,0.62,1.175,0,0.0,0.0,45.750000,4.850000
