block,key,target,metric,expected,tol
phase1,Haghirad_NotOpt_NoCW,thermal_sensation,accuracy,0.594,
phase1,Haghirad_NotOpt_NoCW,thermal_sensation,qwk,0.54,
phase1,Haghirad_NotOpt_NoCW,thermal_sensation,f1_macro,0.385,
phase1,Haghirad_NotOpt_NoCW,thermal_sensation,wilson_low,0.577,
phase1,Haghirad_NotOpt_NoCW,thermal_sensation,wilson_high,0.61,
phase2,RandomForest,thermal_sensation,accuracy,0.516,
phase2,RandomForest,thermal_sensation,qwk,0.625,
phase2,RandomForest,thermal_sensation,f1_macro,0.432,
phase2,RandomForest,thermal_sensation,wilson_low,0.498,
phase2,RandomForest,thermal_sensation,wilson_high,0.534,
phase2,XGBoost,thermal_sensation,accuracy,0.516,
phase2,XGBoost,thermal_sensation,qwk,0.64,
phase2,XGBoost,thermal_sensation,f1_macro,0.434,
phase2,XGBoost,thermal_sensation,wilson_low,0.498,
phase2,XGBoost,thermal_sensation,wilson_high,0.533,
phase2,SVM,thermal_sensation,accuracy,0.495,
phase2,SVM,thermal_sensation,qwk,0.578,
phase2,SVM,thermal_sensation,f1_macro,0.389,
phase2,SVM,thermal_sensation,wilson_low,0.477,
phase2,SVM,thermal_sensation,wilson_high,0.513,
phase2,ANN,thermal_sensation,accuracy,0.478,
phase2,ANN,thermal_sensation,qwk,0.566,
phase2,ANN,thermal_sensation,f1_macro,0.349,
phase2,ANN,thermal_sensation,wilson_low,0.46,
phase2,ANN,thermal_sensation,wilson_high,0.495,
phase2,FTTransformer,thermal_sensation,accuracy,0.457,
phase2,FTTransformer,thermal_sensation,qwk,0.59,
phase2,FTTransformer,thermal_sensation,f1_macro,0.405,
phase2,FTTransformer,thermal_sensation,wilson_low,0.439,
phase2,FTTransformer,thermal_sensation,wilson_high,0.475,
phase2_hybrid,RF,thermal_sensation,accuracy,0.462,
phase2_hybrid,RF,thermal_sensation,qwk,0.592,
phase2_hybrid,RF,thermal_sensation,f1_macro,0.405,
phase2_hybrid,RF,thermal_sensation,wilson_low,0.444,
phase2_hybrid,RF,thermal_sensation,wilson_high,0.479,
phase2_hybrid,XGB,thermal_sensation,accuracy,0.451,
phase2_hybrid,XGB,thermal_sensation,qwk,0.582,
phase2_hybrid,XGB,thermal_sensation,f1_macro,0.398,
phase2_hybrid,XGB,thermal_sensation,wilson_low,0.433,
phase2_hybrid,XGB,thermal_sensation,wilson_high,0.468,
baseline,pmv,thermal_sensation,accuracy,0.265,
baseline,apmv,thermal_sensation,accuracy,0.269,
baseline,epmv,thermal_sensation,accuracy,0.344,
baseline,pts_set,thermal_sensation,accuracy,0.372,
baseline,pts_pet,thermal_sensation,accuracy,0.425,
baseline,apts,thermal_sensation,accuracy,0.143,
baseline,epts,thermal_sensation,accuracy,0.372,
phase3_direct,Moujalled:RF,thermal_sensation,accuracy,0.315,
phase3_direct,Moujalled:RF,thermal_sensation,qwk,0.024,
phase3_direct,Moujalled:RF,thermal_sensation,f1_macro,0.11,
phase3_direct,Moujalled:RF,thermal_sensation,wilson_low,0.26,
phase3_direct,Moujalled:RF,thermal_sensation,wilson_high,0.375,
phase3_direct,Moujalled:XGB,thermal_sensation,accuracy,0.39,
phase3_direct,Moujalled:XGB,thermal_sensation,qwk,0.242,
phase3_direct,Moujalled:XGB,thermal_sensation,f1_macro,0.177,
phase3_direct,Moujalled:XGB,thermal_sensation,wilson_low,0.332,
phase3_direct,Moujalled:XGB,thermal_sensation,wilson_high,0.452,
phase3_direct,Moujalled:FTTransformer,thermal_sensation,accuracy,0.303,
phase3_direct,Moujalled:FTTransformer,thermal_sensation,qwk,0.229,
phase3_direct,Moujalled:FTTransformer,thermal_sensation,f1_macro,0.162,
phase3_direct,Moujalled:FTTransformer,thermal_sensation,wilson_low,0.249,
phase3_direct,Moujalled:FTTransformer,thermal_sensation,wilson_high,0.362,
phase3_adaptive,Moujalled:B_finetune_80-20:RF_adapt,thermal_sensation,accuracy,0.569,
phase3_adaptive,Moujalled:B_finetune_80-20:RF_adapt,thermal_sensation,qwk,0.545,
phase3_adaptive,Moujalled:B_finetune_80-20:RF_adapt,thermal_sensation,f1_macro,0.366,
phase3_adaptive,Moujalled:B_finetune_80-20:RF_adapt,thermal_sensation,wilson_low,0.433,
phase3_adaptive,Moujalled:B_finetune_80-20:RF_adapt,thermal_sensation,wilson_high,0.695,
phase3_adaptive,Moujalled:B_finetune_80-20:XGB_adapt,thermal_sensation,accuracy,0.51,
phase3_adaptive,Moujalled:B_finetune_80-20:XGB_adapt,thermal_sensation,qwk,0.597,
phase3_adaptive,Moujalled:B_finetune_80-20:XGB_adapt,thermal_sensation,f1_macro,0.411,
phase3_adaptive,Moujalled:B_finetune_80-20:XGB_adapt,thermal_sensation,wilson_low,0.377,
phase3_adaptive,Moujalled:B_finetune_80-20:XGB_adapt,thermal_sensation,wilson_high,0.641,
phase3_adaptive,Moujalled:B_finetune_80-20:FT_head,thermal_sensation,accuracy,0.49,
phase3_adaptive,Moujalled:B_finetune_80-20:FT_head,thermal_sensation,qwk,0.541,
phase3_adaptive,Moujalled:B_finetune_80-20:FT_head,thermal_sensation,f1_macro,0.319,
phase3_adaptive,Moujalled:B_finetune_80-20:FT_head,thermal_sensation,wilson_low,0.359,
phase3_adaptive,Moujalled:B_finetune_80-20:FT_head,thermal_sensation,wilson_high,0.623,
phase3_adaptive,Moujalled:B_finetune_80-20:FT_full,thermal_sensation,accuracy,0.51,
phase3_adaptive,Moujalled:B_finetune_80-20:FT_full,thermal_sensation,qwk,0.561,
phase3_adaptive,Moujalled:B_finetune_80-20:FT_full,thermal_sensation,f1_macro,0.333,
phase3_adaptive,Moujalled:B_finetune_80-20:FT_full,thermal_sensation,wilson_low,0.377,
phase3_adaptive,Moujalled:B_finetune_80-20:FT_full,thermal_sensation,wilson_high,0.641,
phase3_adaptive,Moujalled:B_finetune_20-80:RF_adapt,thermal_sensation,accuracy,0.458,
phase3_adaptive,Moujalled:B_finetune_20-80:RF_adapt,thermal_sensation,qwk,0.423,
phase3_adaptive,Moujalled:B_finetune_20-80:RF_adapt,thermal_sensation,f1_macro,0.288,
phase3_adaptive,Moujalled:B_finetune_20-80:RF_adapt,thermal_sensation,wilson_low,0.39,
phase3_adaptive,Moujalled:B_finetune_20-80:RF_adapt,thermal_sensation,wilson_high,0.527,
phase3_adaptive,Moujalled:B_finetune_20-80:XGB_adapt,thermal_sensation,accuracy,0.418,
phase3_adaptive,Moujalled:B_finetune_20-80:XGB_adapt,thermal_sensation,qwk,0.406,
phase3_adaptive,Moujalled:B_finetune_20-80:XGB_adapt,thermal_sensation,f1_macro,0.283,
phase3_adaptive,Moujalled:B_finetune_20-80:XGB_adapt,thermal_sensation,wilson_low,0.352,
phase3_adaptive,Moujalled:B_finetune_20-80:XGB_adapt,thermal_sensation,wilson_high,0.487,
phase3_adaptive,Moujalled:B_finetune_20-80:FT_head,thermal_sensation,accuracy,0.408,
phase3_adaptive,Moujalled:B_finetune_20-80:FT_head,thermal_sensation,qwk,0.396,
phase3_adaptive,Moujalled:B_finetune_20-80:FT_head,thermal_sensation,f1_macro,0.285,
phase3_adaptive,Moujalled:B_finetune_20-80:FT_head,thermal_sensation,wilson_low,0.342,
phase3_adaptive,Moujalled:B_finetune_20-80:FT_head,thermal_sensation,wilson_high,0.477,
phase3_adaptive,Moujalled:B_finetune_20-80:FT_full,thermal_sensation,accuracy,0.403,
phase3_adaptive,Moujalled:B_finetune_20-80:FT_full,thermal_sensation,qwk,0.391,
phase3_adaptive,Moujalled:B_finetune_20-80:FT_full,thermal_sensation,f1_macro,0.281,
phase3_adaptive,Moujalled:B_finetune_20-80:FT_full,thermal_sensation,wilson_low,0.338,
phase3_adaptive,Moujalled:B_finetune_20-80:FT_full,thermal_sensation,wilson_high,0.472,
phase3_direct,Hostein:RF,thermal_sensation,accuracy,0.374,
phase3_direct,Hostein:RF,thermal_sensation,qwk,0.085,
phase3_direct,Hostein:RF,thermal_sensation,f1_macro,0.147,
phase3_direct,Hostein:RF,thermal_sensation,wilson_low,0.304,
phase3_direct,Hostein:RF,thermal_sensation,wilson_high,0.451,
phase3_direct,Hostein:XGB,thermal_sensation,accuracy,0.362,
phase3_direct,Hostein:XGB,thermal_sensation,qwk,0.112,
phase3_direct,Hostein:XGB,thermal_sensation,f1_macro,0.167,
phase3_direct,Hostein:XGB,thermal_sensation,wilson_low,0.292,
phase3_direct,Hostein:XGB,thermal_sensation,wilson_high,0.438,
phase3_direct,Hostein:FTTransformer,thermal_sensation,accuracy,0.264,
phase3_direct,Hostein:FTTransformer,thermal_sensation,qwk,0.127,
phase3_direct,Hostein:FTTransformer,thermal_sensation,f1_macro,0.14,
phase3_direct,Hostein:FTTransformer,thermal_sensation,wilson_low,0.202,
phase3_direct,Hostein:FTTransformer,thermal_sensation,wilson_high,0.336,
phase3_adaptive,Hostein:B_finetune_80-20:RF_adapt,thermal_sensation,accuracy,0.515,
phase3_adaptive,Hostein:B_finetune_80-20:RF_adapt,thermal_sensation,qwk,0.505,
phase3_adaptive,Hostein:B_finetune_80-20:RF_adapt,thermal_sensation,f1_macro,0.324,
phase3_adaptive,Hostein:B_finetune_80-20:RF_adapt,thermal_sensation,wilson_low,0.352,
phase3_adaptive,Hostein:B_finetune_80-20:RF_adapt,thermal_sensation,wilson_high,0.675,
phase3_adaptive,Hostein:B_finetune_80-20:XGB_adapt,thermal_sensation,accuracy,0.394,
phase3_adaptive,Hostein:B_finetune_80-20:XGB_adapt,thermal_sensation,qwk,0.566,
phase3_adaptive,Hostein:B_finetune_80-20:XGB_adapt,thermal_sensation,f1_macro,0.334,
phase3_adaptive,Hostein:B_finetune_80-20:XGB_adapt,thermal_sensation,wilson_low,0.247,
phase3_adaptive,Hostein:B_finetune_80-20:XGB_adapt,thermal_sensation,wilson_high,0.563,
phase3_adaptive,Hostein:B_finetune_80-20:FT_head,thermal_sensation,accuracy,0.333,
phase3_adaptive,Hostein:B_finetune_80-20:FT_head,thermal_sensation,qwk,0.0,
phase3_adaptive,Hostein:B_finetune_80-20:FT_head,thermal_sensation,f1_macro,0.1,
phase3_adaptive,Hostein:B_finetune_80-20:FT_head,thermal_sensation,wilson_low,0.198,
phase3_adaptive,Hostein:B_finetune_80-20:FT_head,thermal_sensation,wilson_high,0.504,
phase3_adaptive,Hostein:B_finetune_80-20:FT_full,thermal_sensation,accuracy,0.333,
phase3_adaptive,Hostein:B_finetune_80-20:FT_full,thermal_sensation,qwk,0.0,
phase3_adaptive,Hostein:B_finetune_80-20:FT_full,thermal_sensation,f1_macro,0.1,
phase3_adaptive,Hostein:B_finetune_80-20:FT_full,thermal_sensation,wilson_low,0.198,
phase3_adaptive,Hostein:B_finetune_80-20:FT_full,thermal_sensation,wilson_high,0.504,
phase3_adaptive,Hostein:B_finetune_20-80:RF_adapt,thermal_sensation,accuracy,0.382,
phase3_adaptive,Hostein:B_finetune_20-80:RF_adapt,thermal_sensation,qwk,0.293,
phase3_adaptive,Hostein:B_finetune_20-80:RF_adapt,thermal_sensation,f1_macro,0.225,
phase3_adaptive,Hostein:B_finetune_20-80:RF_adapt,thermal_sensation,wilson_low,0.303,
phase3_adaptive,Hostein:B_finetune_20-80:RF_adapt,thermal_sensation,wilson_high,0.467,
phase3_adaptive,Hostein:B_finetune_20-80:XGB_adapt,thermal_sensation,accuracy,0.344,
phase3_adaptive,Hostein:B_finetune_20-80:XGB_adapt,thermal_sensation,qwk,0.466,
phase3_adaptive,Hostein:B_finetune_20-80:XGB_adapt,thermal_sensation,f1_macro,0.301,
phase3_adaptive,Hostein:B_finetune_20-80:XGB_adapt,thermal_sensation,wilson_low,0.268,
phase3_adaptive,Hostein:B_finetune_20-80:XGB_adapt,thermal_sensation,wilson_high,0.428,
phase3_adaptive,Hostein:B_finetune_20-80:FT_head,thermal_sensation,accuracy,0.313,
phase3_adaptive,Hostein:B_finetune_20-80:FT_head,thermal_sensation,qwk,0.415,
phase3_adaptive,Hostein:B_finetune_20-80:FT_head,thermal_sensation,f1_macro,0.308,
phase3_adaptive,Hostein:B_finetune_20-80:FT_head,thermal_sensation,wilson_low,0.24,
phase3_adaptive,Hostein:B_finetune_20-80:FT_head,thermal_sensation,wilson_high,0.397,
phase3_adaptive,Hostein:B_finetune_20-80:FT_full,thermal_sensation,accuracy,0.305,
phase3_adaptive,Hostein:B_finetune_20-80:FT_full,thermal_sensation,qwk,0.41,
phase3_adaptive,Hostein:B_finetune_20-80:FT_full,thermal_sensation,f1_macro,0.304,
phase3_adaptive,Hostein:B_finetune_20-80:FT_full,thermal_sensation,wilson_low,0.233,
phase3_adaptive,Hostein:B_finetune_20-80:FT_full,thermal_sensation,wilson_high,0.389,
feature_importance,RF:Tair,thermal_sensation,importance,0.152,
feature_importance,RF:clo,thermal_sensation,importance,0.093,
feature_importance,RF:RH,thermal_sensation,importance,0.093,
feature_importance,RF:vel,thermal_sensation,importance,0.078,
feature_importance,XGB:Climate,thermal_sensation,importance,0.286,
feature_importance,XGB:Season,thermal_sensation,importance,0.155,
feature_importance,XGB:cooling type,thermal_sensation,importance,0.141,
wilcoxon_sig,ANN|FTTransformer,thermal_sensation,significant,1.0,0.5
wilcoxon_sig,ANN|RandomForest,thermal_sensation,significant,0.0,0.5
wilcoxon_sig,ANN|SVM,thermal_sensation,significant,0.0,0.5
wilcoxon_sig,ANN|XGBoost,thermal_sensation,significant,0.0,0.5
wilcoxon_sig,FTTransformer|RandomForest,thermal_sensation,significant,1.0,0.5
wilcoxon_sig,FTTransformer|SVM,thermal_sensation,significant,1.0,0.5
wilcoxon_sig,FTTransformer|XGBoost,thermal_sensation,significant,1.0,0.5
wilcoxon_sig,RandomForest|SVM,thermal_sensation,significant,0.0,0.5
wilcoxon_sig,RandomForest|XGBoost,thermal_sensation,significant,0.0,0.5
wilcoxon_sig,SVM|XGBoost,thermal_sensation,significant,0.0,0.5
nn_ceiling,-,thermal_sensation,primary_disagreement,0.569,
nn_ceiling,-,thermal_sensation,case_b_cluster_agreement,0.636,
nn_ceiling,-,thermal_sensation,case_c_agreement,0.442,
phase1,Haghirad_NotOpt_NoCW,TSV_3p,accuracy,0.653,
phase1,Haghirad_NotOpt_NoCW,TSV_3p,qwk,0.5,
phase1,Haghirad_NotOpt_NoCW,TSV_3p,f1_macro,0.615,
phase1,Haghirad_NotOpt_NoCW,TSV_3p,wilson_low,0.637,
phase1,Haghirad_NotOpt_NoCW,TSV_3p,wilson_high,0.668,
phase2,RandomForest,TSV_3p,accuracy,0.638,
phase2,RandomForest,TSV_3p,qwk,0.559,
phase2,RandomForest,TSV_3p,f1_macro,0.637,
phase2,RandomForest,TSV_3p,wilson_low,0.621,
phase2,RandomForest,TSV_3p,wilson_high,0.655,
phase2,XGBoost,TSV_3p,accuracy,0.643,
phase2,XGBoost,TSV_3p,qwk,0.582,
phase2,XGBoost,TSV_3p,f1_macro,0.644,
phase2,XGBoost,TSV_3p,wilson_low,0.626,
phase2,XGBoost,TSV_3p,wilson_high,0.66,
phase2,SVM,TSV_3p,accuracy,0.628,
phase2,SVM,TSV_3p,qwk,0.547,
phase2,SVM,TSV_3p,f1_macro,0.627,
phase2,SVM,TSV_3p,wilson_low,0.611,
phase2,SVM,TSV_3p,wilson_high,0.645,
phase2,ANN,TSV_3p,accuracy,0.612,
phase2,ANN,TSV_3p,qwk,0.543,
phase2,ANN,TSV_3p,f1_macro,0.613,
phase2,ANN,TSV_3p,wilson_low,0.595,
phase2,ANN,TSV_3p,wilson_high,0.629,
phase2,FTTransformer,TSV_3p,accuracy,0.588,
phase2,FTTransformer,TSV_3p,qwk,0.482,
phase2,FTTransformer,TSV_3p,f1_macro,0.587,
phase2,FTTransformer,TSV_3p,wilson_low,0.57,
phase2,FTTransformer,TSV_3p,wilson_high,0.605,
phase2_hybrid,RF,TSV_3p,accuracy,0.595,
phase2_hybrid,RF,TSV_3p,qwk,0.491,
phase2_hybrid,RF,TSV_3p,f1_macro,0.595,
phase2_hybrid,RF,TSV_3p,wilson_low,0.578,
phase2_hybrid,RF,TSV_3p,wilson_high,0.613,
phase2_hybrid,XGB,TSV_3p,accuracy,0.592,
phase2_hybrid,XGB,TSV_3p,qwk,0.494,
phase2_hybrid,XGB,TSV_3p,f1_macro,0.592,
phase2_hybrid,XGB,TSV_3p,wilson_low,0.574,
phase2_hybrid,XGB,TSV_3p,wilson_high,0.609,
baseline,pmv,TSV_3p,accuracy,0.369,
baseline,apmv,TSV_3p,accuracy,0.368,
baseline,epmv,TSV_3p,accuracy,0.371,
baseline,pts_set,TSV_3p,accuracy,0.398,
baseline,pts_pet,TSV_3p,accuracy,0.465,
baseline,apts,TSV_3p,accuracy,0.388,
baseline,epts,TSV_3p,accuracy,0.398,
phase3_direct,Moujalled:RF,TSV_3p,accuracy,0.466,
phase3_direct,Moujalled:RF,TSV_3p,qwk,0.226,
phase3_direct,Moujalled:RF,TSV_3p,f1_macro,0.351,
phase3_direct,Moujalled:RF,TSV_3p,wilson_low,0.405,
phase3_direct,Moujalled:RF,TSV_3p,wilson_high,0.528,
phase3_direct,Moujalled:XGB,TSV_3p,accuracy,0.57,
phase3_direct,Moujalled:XGB,TSV_3p,qwk,0.323,
phase3_direct,Moujalled:XGB,TSV_3p,f1_macro,0.425,
phase3_direct,Moujalled:XGB,TSV_3p,wilson_low,0.508,
phase3_direct,Moujalled:XGB,TSV_3p,wilson_high,0.629,
phase3_direct,Moujalled:FTTransformer,TSV_3p,accuracy,0.39,
phase3_direct,Moujalled:FTTransformer,TSV_3p,qwk,0.161,
phase3_direct,Moujalled:FTTransformer,TSV_3p,f1_macro,0.323,
phase3_direct,Moujalled:FTTransformer,TSV_3p,wilson_low,0.332,
phase3_direct,Moujalled:FTTransformer,TSV_3p,wilson_high,0.452,
phase3_adaptive,Moujalled:B_finetune_80-20:RF_adapt,TSV_3p,accuracy,0.804,
phase3_adaptive,Moujalled:B_finetune_80-20:RF_adapt,TSV_3p,qwk,0.537,
phase3_adaptive,Moujalled:B_finetune_80-20:RF_adapt,TSV_3p,f1_macro,0.535,
phase3_adaptive,Moujalled:B_finetune_80-20:RF_adapt,TSV_3p,wilson_low,0.675,
phase3_adaptive,Moujalled:B_finetune_80-20:RF_adapt,TSV_3p,wilson_high,0.89,
phase3_adaptive,Moujalled:B_finetune_80-20:XGB_adapt,TSV_3p,accuracy,0.765,
phase3_adaptive,Moujalled:B_finetune_80-20:XGB_adapt,TSV_3p,qwk,0.449,
phase3_adaptive,Moujalled:B_finetune_80-20:XGB_adapt,TSV_3p,f1_macro,0.495,
phase3_adaptive,Moujalled:B_finetune_80-20:XGB_adapt,TSV_3p,wilson_low,0.632,
phase3_adaptive,Moujalled:B_finetune_80-20:XGB_adapt,TSV_3p,wilson_high,0.86,
phase3_adaptive,Moujalled:B_finetune_80-20:FT_head,TSV_3p,accuracy,0.647,
phase3_adaptive,Moujalled:B_finetune_80-20:FT_head,TSV_3p,qwk,0.0,
phase3_adaptive,Moujalled:B_finetune_80-20:FT_head,TSV_3p,f1_macro,0.262,
phase3_adaptive,Moujalled:B_finetune_80-20:FT_head,TSV_3p,wilson_low,0.51,
phase3_adaptive,Moujalled:B_finetune_80-20:FT_head,TSV_3p,wilson_high,0.764,
phase3_adaptive,Moujalled:B_finetune_80-20:FT_full,TSV_3p,accuracy,0.647,
phase3_adaptive,Moujalled:B_finetune_80-20:FT_full,TSV_3p,qwk,0.0,
phase3_adaptive,Moujalled:B_finetune_80-20:FT_full,TSV_3p,f1_macro,0.262,
phase3_adaptive,Moujalled:B_finetune_80-20:FT_full,TSV_3p,wilson_low,0.51,
phase3_adaptive,Moujalled:B_finetune_80-20:FT_full,TSV_3p,wilson_high,0.764,
phase3_adaptive,Moujalled:B_finetune_20-80:RF_adapt,TSV_3p,accuracy,0.617,
phase3_adaptive,Moujalled:B_finetune_20-80:RF_adapt,TSV_3p,qwk,0.049,
phase3_adaptive,Moujalled:B_finetune_20-80:RF_adapt,TSV_3p,f1_macro,0.385,
phase3_adaptive,Moujalled:B_finetune_20-80:RF_adapt,TSV_3p,wilson_low,0.548,
phase3_adaptive,Moujalled:B_finetune_20-80:RF_adapt,TSV_3p,wilson_high,0.681,
phase3_adaptive,Moujalled:B_finetune_20-80:XGB_adapt,TSV_3p,accuracy,0.607,
phase3_adaptive,Moujalled:B_finetune_20-80:XGB_adapt,TSV_3p,qwk,0.121,
phase3_adaptive,Moujalled:B_finetune_20-80:XGB_adapt,TSV_3p,f1_macro,0.381,
phase3_adaptive,Moujalled:B_finetune_20-80:XGB_adapt,TSV_3p,wilson_low,0.538,
phase3_adaptive,Moujalled:B_finetune_20-80:XGB_adapt,TSV_3p,wilson_high,0.672,
phase3_adaptive,Moujalled:B_finetune_20-80:FT_head,TSV_3p,accuracy,0.597,
phase3_adaptive,Moujalled:B_finetune_20-80:FT_head,TSV_3p,qwk,0.137,
phase3_adaptive,Moujalled:B_finetune_20-80:FT_head,TSV_3p,f1_macro,0.377,
phase3_adaptive,Moujalled:B_finetune_20-80:FT_head,TSV_3p,wilson_low,0.528,
phase3_adaptive,Moujalled:B_finetune_20-80:FT_head,TSV_3p,wilson_high,0.662,
phase3_adaptive,Moujalled:B_finetune_20-80:FT_full,TSV_3p,accuracy,0.602,
phase3_adaptive,Moujalled:B_finetune_20-80:FT_full,TSV_3p,qwk,0.147,
phase3_adaptive,Moujalled:B_finetune_20-80:FT_full,TSV_3p,f1_macro,0.382,
phase3_adaptive,Moujalled:B_finetune_20-80:FT_full,TSV_3p,wilson_low,0.533,
phase3_adaptive,Moujalled:B_finetune_20-80:FT_full,TSV_3p,wilson_high,0.667,
phase3_direct,Hostein:RF,TSV_3p,accuracy,0.466,
phase3_direct,Hostein:RF,TSV_3p,qwk,0.218,
phase3_direct,Hostein:RF,TSV_3p,f1_macro,0.326,
phase3_direct,Hostein:RF,TSV_3p,wilson_low,0.391,
phase3_direct,Hostein:RF,TSV_3p,wilson_high,0.543,
phase3_direct,Hostein:XGB,TSV_3p,accuracy,0.491,
phase3_direct,Hostein:XGB,TSV_3p,qwk,0.212,
phase3_direct,Hostein:XGB,TSV_3p,f1_macro,0.374,
phase3_direct,Hostein:XGB,TSV_3p,wilson_low,0.415,
phase3_direct,Hostein:XGB,TSV_3p,wilson_high,0.567,
phase3_direct,Hostein:FTTransformer,TSV_3p,accuracy,0.472,
phase3_direct,Hostein:FTTransformer,TSV_3p,qwk,0.149,
phase3_direct,Hostein:FTTransformer,TSV_3p,f1_macro,0.398,
phase3_direct,Hostein:FTTransformer,TSV_3p,wilson_low,0.397,
phase3_direct,Hostein:FTTransformer,TSV_3p,wilson_high,0.549,
phase3_adaptive,Hostein:B_finetune_80-20:RF_adapt,TSV_3p,accuracy,0.697,
phase3_adaptive,Hostein:B_finetune_80-20:RF_adapt,TSV_3p,qwk,0.559,
phase3_adaptive,Hostein:B_finetune_80-20:RF_adapt,TSV_3p,f1_macro,0.458,
phase3_adaptive,Hostein:B_finetune_80-20:RF_adapt,TSV_3p,wilson_low,0.527,
phase3_adaptive,Hostein:B_finetune_80-20:RF_adapt,TSV_3p,wilson_high,0.826,
phase3_adaptive,Hostein:B_finetune_80-20:XGB_adapt,TSV_3p,accuracy,0.667,
phase3_adaptive,Hostein:B_finetune_80-20:XGB_adapt,TSV_3p,qwk,0.613,
phase3_adaptive,Hostein:B_finetune_80-20:XGB_adapt,TSV_3p,f1_macro,0.555,
phase3_adaptive,Hostein:B_finetune_80-20:XGB_adapt,TSV_3p,wilson_low,0.496,
phase3_adaptive,Hostein:B_finetune_80-20:XGB_adapt,TSV_3p,wilson_high,0.802,
phase3_adaptive,Hostein:B_finetune_80-20:FT_head,TSV_3p,accuracy,0.606,
phase3_adaptive,Hostein:B_finetune_80-20:FT_head,TSV_3p,qwk,0.509,
phase3_adaptive,Hostein:B_finetune_80-20:FT_head,TSV_3p,f1_macro,0.419,
phase3_adaptive,Hostein:B_finetune_80-20:FT_head,TSV_3p,wilson_low,0.437,
phase3_adaptive,Hostein:B_finetune_80-20:FT_head,TSV_3p,wilson_high,0.753,
phase3_adaptive,Hostein:B_finetune_80-20:FT_full,TSV_3p,accuracy,0.576,
phase3_adaptive,Hostein:B_finetune_80-20:FT_full,TSV_3p,qwk,0.507,
phase3_adaptive,Hostein:B_finetune_80-20:FT_full,TSV_3p,f1_macro,0.398,
phase3_adaptive,Hostein:B_finetune_80-20:FT_full,TSV_3p,wilson_low,0.408,
phase3_adaptive,Hostein:B_finetune_80-20:FT_full,TSV_3p,wilson_high,0.728,
phase3_adaptive,Hostein:B_finetune_20-80:RF_adapt,TSV_3p,accuracy,0.702,
phase3_adaptive,Hostein:B_finetune_20-80:RF_adapt,TSV_3p,qwk,0.373,
phase3_adaptive,Hostein:B_finetune_20-80:RF_adapt,TSV_3p,f1_macro,0.471,
phase3_adaptive,Hostein:B_finetune_20-80:RF_adapt,TSV_3p,wilson_low,0.619,
phase3_adaptive,Hostein:B_finetune_20-80:RF_adapt,TSV_3p,wilson_high,0.774,
phase3_adaptive,Hostein:B_finetune_20-80:XGB_adapt,TSV_3p,accuracy,0.618,
phase3_adaptive,Hostein:B_finetune_20-80:XGB_adapt,TSV_3p,qwk,0.451,
phase3_adaptive,Hostein:B_finetune_20-80:XGB_adapt,TSV_3p,f1_macro,0.481,
phase3_adaptive,Hostein:B_finetune_20-80:XGB_adapt,TSV_3p,wilson_low,0.533,
phase3_adaptive,Hostein:B_finetune_20-80:XGB_adapt,TSV_3p,wilson_high,0.697,
phase3_adaptive,Hostein:B_finetune_20-80:FT_head,TSV_3p,accuracy,0.588,
phase3_adaptive,Hostein:B_finetune_20-80:FT_head,TSV_3p,qwk,0.403,
phase3_adaptive,Hostein:B_finetune_20-80:FT_head,TSV_3p,f1_macro,0.48,
phase3_adaptive,Hostein:B_finetune_20-80:FT_head,TSV_3p,wilson_low,0.502,
phase3_adaptive,Hostein:B_finetune_20-80:FT_head,TSV_3p,wilson_high,0.668,
phase3_adaptive,Hostein:B_finetune_20-80:FT_full,TSV_3p,accuracy,0.595,
phase3_adaptive,Hostein:B_finetune_20-80:FT_full,TSV_3p,qwk,0.411,
phase3_adaptive,Hostein:B_finetune_20-80:FT_full,TSV_3p,f1_macro,0.485,
phase3_adaptive,Hostein:B_finetune_20-80:FT_full,TSV_3p,wilson_low,0.51,
phase3_adaptive,Hostein:B_finetune_20-80:FT_full,TSV_3p,wilson_high,0.676,
feature_importance,RF:Tair,TSV_3p,importance,0.188,
feature_importance,RF:clo,TSV_3p,importance,0.082,
feature_importance,RF:RH,TSV_3p,importance,0.084,
feature_importance,RF:vel,TSV_3p,importance,0.064,
feature_importance,XGB:Climate,TSV_3p,importance,0.272,
feature_importance,XGB:Season,TSV_3p,importance,0.222,
feature_importance,XGB:cooling type,TSV_3p,importance,0.123,
wilcoxon_sig,ANN|FTTransformer,TSV_3p,significant,1.0,0.5
wilcoxon_sig,ANN|RandomForest,TSV_3p,significant,0.0,0.5
wilcoxon_sig,ANN|SVM,TSV_3p,significant,0.0,0.5
wilcoxon_sig,ANN|XGBoost,TSV_3p,significant,1.0,0.5
wilcoxon_sig,FTTransformer|RandomForest,TSV_3p,significant,1.0,0.5
wilcoxon_sig,FTTransformer|SVM,TSV_3p,significant,1.0,0.5
wilcoxon_sig,FTTransformer|XGBoost,TSV_3p,significant,1.0,0.5
wilcoxon_sig,RandomForest|SVM,TSV_3p,significant,0.0,0.5
wilcoxon_sig,RandomForest|XGBoost,TSV_3p,significant,0.0,0.5
wilcoxon_sig,SVM|XGBoost,TSV_3p,significant,0.0,0.5
nn_ceiling,-,TSV_3p,primary_disagreement,0.441,
nn_ceiling,-,TSV_3p,case_b_cluster_agreement,0.773,
nn_ceiling,-,TSV_3p,case_c_agreement,0.587,
phase1,Haghirad_NotOpt_NoCW,thermal_preference,accuracy,0.71,
phase1,Haghirad_NotOpt_NoCW,thermal_preference,qwk,0.553,
phase1,Haghirad_NotOpt_NoCW,thermal_preference,f1_macro,0.653,
phase1,Haghirad_NotOpt_NoCW,thermal_preference,wilson_low,0.695,
phase1,Haghirad_NotOpt_NoCW,thermal_preference,wilson_high,0.724,
phase2,RandomForest,thermal_preference,accuracy,0.678,
phase2,RandomForest,thermal_preference,qwk,0.57,
phase2,RandomForest,thermal_preference,f1_macro,0.638,
phase2,RandomForest,thermal_preference,wilson_low,0.662,
phase2,RandomForest,thermal_preference,wilson_high,0.695,
phase2,XGBoost,thermal_preference,accuracy,0.686,
phase2,XGBoost,thermal_preference,qwk,0.584,
phase2,XGBoost,thermal_preference,f1_macro,0.653,
phase2,XGBoost,thermal_preference,wilson_low,0.669,
phase2,XGBoost,thermal_preference,wilson_high,0.702,
phase2,SVM,thermal_preference,accuracy,0.678,
phase2,SVM,thermal_preference,qwk,0.548,
phase2,SVM,thermal_preference,f1_macro,0.629,
phase2,SVM,thermal_preference,wilson_low,0.661,
phase2,SVM,thermal_preference,wilson_high,0.694,
phase2,ANN,thermal_preference,accuracy,0.662,
phase2,ANN,thermal_preference,qwk,0.535,
phase2,ANN,thermal_preference,f1_macro,0.616,
phase2,ANN,thermal_preference,wilson_low,0.645,
phase2,ANN,thermal_preference,wilson_high,0.679,
phase2,FTTransformer,thermal_preference,accuracy,0.627,
phase2,FTTransformer,thermal_preference,qwk,0.512,
phase2,FTTransformer,thermal_preference,f1_macro,0.605,
phase2,FTTransformer,thermal_preference,wilson_low,0.61,
phase2,FTTransformer,thermal_preference,wilson_high,0.644,
phase2_hybrid,RF,thermal_preference,accuracy,0.632,
phase2_hybrid,RF,thermal_preference,qwk,0.516,
phase2_hybrid,RF,thermal_preference,f1_macro,0.611,
phase2_hybrid,RF,thermal_preference,wilson_low,0.614,
phase2_hybrid,RF,thermal_preference,wilson_high,0.648,
phase2_hybrid,XGB,thermal_preference,accuracy,0.629,
phase2_hybrid,XGB,thermal_preference,qwk,0.518,
phase2_hybrid,XGB,thermal_preference,f1_macro,0.608,
phase2_hybrid,XGB,thermal_preference,wilson_low,0.612,
phase2_hybrid,XGB,thermal_preference,wilson_high,0.646,
baseline,pmv,thermal_preference,accuracy,0.43,
baseline,apmv,thermal_preference,accuracy,0.428,
baseline,epmv,thermal_preference,accuracy,0.501,
baseline,pts_set,thermal_preference,accuracy,0.501,
baseline,pts_pet,thermal_preference,accuracy,0.552,
baseline,apts,thermal_preference,accuracy,0.361,
baseline,epts,thermal_preference,accuracy,0.501,
phase3_direct,Moujalled:RF,thermal_preference,accuracy,0.697,
phase3_direct,Moujalled:RF,thermal_preference,qwk,0.455,
phase3_direct,Moujalled:RF,thermal_preference,f1_macro,0.475,
phase3_direct,Moujalled:RF,thermal_preference,wilson_low,0.638,
phase3_direct,Moujalled:RF,thermal_preference,wilson_high,0.751,
phase3_direct,Moujalled:XGB,thermal_preference,accuracy,0.673,
phase3_direct,Moujalled:XGB,thermal_preference,qwk,0.427,
phase3_direct,Moujalled:XGB,thermal_preference,f1_macro,0.46,
phase3_direct,Moujalled:XGB,thermal_preference,wilson_low,0.613,
phase3_direct,Moujalled:XGB,thermal_preference,wilson_high,0.728,
phase3_direct,Moujalled:FTTransformer,thermal_preference,accuracy,0.606,
phase3_direct,Moujalled:FTTransformer,thermal_preference,qwk,0.35,
phase3_direct,Moujalled:FTTransformer,thermal_preference,f1_macro,0.421,
phase3_direct,Moujalled:FTTransformer,thermal_preference,wilson_low,0.544,
phase3_direct,Moujalled:FTTransformer,thermal_preference,wilson_high,0.664,
phase3_adaptive,Moujalled:B_finetune_80-20:RF_adapt,thermal_preference,accuracy,0.725,
phase3_adaptive,Moujalled:B_finetune_80-20:RF_adapt,thermal_preference,qwk,0.544,
phase3_adaptive,Moujalled:B_finetune_80-20:RF_adapt,thermal_preference,f1_macro,0.499,
phase3_adaptive,Moujalled:B_finetune_80-20:RF_adapt,thermal_preference,wilson_low,0.591,
phase3_adaptive,Moujalled:B_finetune_80-20:RF_adapt,thermal_preference,wilson_high,0.829,
phase3_adaptive,Moujalled:B_finetune_80-20:XGB_adapt,thermal_preference,accuracy,0.627,
phase3_adaptive,Moujalled:B_finetune_80-20:XGB_adapt,thermal_preference,qwk,0.428,
phase3_adaptive,Moujalled:B_finetune_80-20:XGB_adapt,thermal_preference,f1_macro,0.435,
phase3_adaptive,Moujalled:B_finetune_80-20:XGB_adapt,thermal_preference,wilson_low,0.49,
phase3_adaptive,Moujalled:B_finetune_80-20:XGB_adapt,thermal_preference,wilson_high,0.747,
phase3_adaptive,Moujalled:B_finetune_80-20:FT_head,thermal_preference,accuracy,0.725,
phase3_adaptive,Moujalled:B_finetune_80-20:FT_head,thermal_preference,qwk,0.549,
phase3_adaptive,Moujalled:B_finetune_80-20:FT_head,thermal_preference,f1_macro,0.499,
phase3_adaptive,Moujalled:B_finetune_80-20:FT_head,thermal_preference,wilson_low,0.591,
phase3_adaptive,Moujalled:B_finetune_80-20:FT_head,thermal_preference,wilson_high,0.829,
phase3_adaptive,Moujalled:B_finetune_80-20:FT_full,thermal_preference,accuracy,0.725,
phase3_adaptive,Moujalled:B_finetune_80-20:FT_full,thermal_preference,qwk,0.549,
phase3_adaptive,Moujalled:B_finetune_80-20:FT_full,thermal_preference,f1_macro,0.499,
phase3_adaptive,Moujalled:B_finetune_80-20:FT_full,thermal_preference,wilson_low,0.591,
phase3_adaptive,Moujalled:B_finetune_80-20:FT_full,thermal_preference,wilson_high,0.829,
phase3_adaptive,Moujalled:B_finetune_20-80:RF_adapt,thermal_preference,accuracy,0.647,
phase3_adaptive,Moujalled:B_finetune_20-80:RF_adapt,thermal_preference,qwk,0.373,
phase3_adaptive,Moujalled:B_finetune_20-80:RF_adapt,thermal_preference,f1_macro,0.44,
phase3_adaptive,Moujalled:B_finetune_20-80:RF_adapt,thermal_preference,wilson_low,0.579,
phase3_adaptive,Moujalled:B_finetune_20-80:RF_adapt,thermal_preference,wilson_high,0.71,
phase3_adaptive,Moujalled:B_finetune_20-80:XGB_adapt,thermal_preference,accuracy,0.667,
phase3_adaptive,Moujalled:B_finetune_20-80:XGB_adapt,thermal_preference,qwk,0.397,
phase3_adaptive,Moujalled:B_finetune_20-80:XGB_adapt,thermal_preference,f1_macro,0.456,
phase3_adaptive,Moujalled:B_finetune_20-80:XGB_adapt,thermal_preference,wilson_low,0.599,
phase3_adaptive,Moujalled:B_finetune_20-80:XGB_adapt,thermal_preference,wilson_high,0.728,
phase3_adaptive,Moujalled:B_finetune_20-80:FT_head,thermal_preference,accuracy,0.602,
phase3_adaptive,Moujalled:B_finetune_20-80:FT_head,thermal_preference,qwk,0.267,
phase3_adaptive,Moujalled:B_finetune_20-80:FT_head,thermal_preference,f1_macro,0.411,
phase3_adaptive,Moujalled:B_finetune_20-80:FT_head,thermal_preference,wilson_low,0.533,
phase3_adaptive,Moujalled:B_finetune_20-80:FT_head,thermal_preference,wilson_high,0.667,
phase3_adaptive,Moujalled:B_finetune_20-80:FT_full,thermal_preference,accuracy,0.602,
phase3_adaptive,Moujalled:B_finetune_20-80:FT_full,thermal_preference,qwk,0.268,
phase3_adaptive,Moujalled:B_finetune_20-80:FT_full,thermal_preference,f1_macro,0.411,
phase3_adaptive,Moujalled:B_finetune_20-80:FT_full,thermal_preference,wilson_low,0.533,
phase3_adaptive,Moujalled:B_finetune_20-80:FT_full,thermal_preference,wilson_high,0.667,
phase3_direct,Hostein:RF,thermal_preference,accuracy,0.607,
phase3_direct,Hostein:RF,thermal_preference,qwk,0.355,
phase3_direct,Hostein:RF,thermal_preference,f1_macro,0.416,
phase3_direct,Hostein:RF,thermal_preference,wilson_low,0.531,
phase3_direct,Hostein:RF,thermal_preference,wilson_high,0.679,
phase3_direct,Hostein:XGB,thermal_preference,accuracy,0.62,
phase3_direct,Hostein:XGB,thermal_preference,qwk,0.353,
phase3_direct,Hostein:XGB,thermal_preference,f1_macro,0.426,
phase3_direct,Hostein:XGB,thermal_preference,wilson_low,0.543,
phase3_direct,Hostein:XGB,thermal_preference,wilson_high,0.691,
phase3_direct,Hostein:FTTransformer,thermal_preference,accuracy,0.534,
phase3_direct,Hostein:FTTransformer,thermal_preference,qwk,0.205,
phase3_direct,Hostein:FTTransformer,thermal_preference,f1_macro,0.424,
phase3_direct,Hostein:FTTransformer,thermal_preference,wilson_low,0.457,
phase3_direct,Hostein:FTTransformer,thermal_preference,wilson_high,0.609,
phase3_adaptive,Hostein:B_finetune_80-20:RF_adapt,thermal_preference,accuracy,0.667,
phase3_adaptive,Hostein:B_finetune_80-20:RF_adapt,thermal_preference,qwk,0.462,
phase3_adaptive,Hostein:B_finetune_80-20:RF_adapt,thermal_preference,f1_macro,0.457,
phase3_adaptive,Hostein:B_finetune_80-20:RF_adapt,thermal_preference,wilson_low,0.496,
phase3_adaptive,Hostein:B_finetune_80-20:RF_adapt,thermal_preference,wilson_high,0.802,
phase3_adaptive,Hostein:B_finetune_80-20:XGB_adapt,thermal_preference,accuracy,0.667,
phase3_adaptive,Hostein:B_finetune_80-20:XGB_adapt,thermal_preference,qwk,0.514,
phase3_adaptive,Hostein:B_finetune_80-20:XGB_adapt,thermal_preference,f1_macro,0.457,
phase3_adaptive,Hostein:B_finetune_80-20:XGB_adapt,thermal_preference,wilson_low,0.496,
phase3_adaptive,Hostein:B_finetune_80-20:XGB_adapt,thermal_preference,wilson_high,0.802,
phase3_adaptive,Hostein:B_finetune_80-20:FT_head,thermal_preference,accuracy,0.515,
phase3_adaptive,Hostein:B_finetune_80-20:FT_head,thermal_preference,qwk,0.0,
phase3_adaptive,Hostein:B_finetune_80-20:FT_head,thermal_preference,f1_macro,0.227,
phase3_adaptive,Hostein:B_finetune_80-20:FT_head,thermal_preference,wilson_low,0.352,
phase3_adaptive,Hostein:B_finetune_80-20:FT_head,thermal_preference,wilson_high,0.675,
phase3_adaptive,Hostein:B_finetune_80-20:FT_full,thermal_preference,accuracy,0.515,
phase3_adaptive,Hostein:B_finetune_80-20:FT_full,thermal_preference,qwk,0.0,
phase3_adaptive,Hostein:B_finetune_80-20:FT_full,thermal_preference,f1_macro,0.227,
phase3_adaptive,Hostein:B_finetune_80-20:FT_full,thermal_preference,wilson_low,0.352,
phase3_adaptive,Hostein:B_finetune_80-20:FT_full,thermal_preference,wilson_high,0.675,
phase3_adaptive,Hostein:B_finetune_20-80:RF_adapt,thermal_preference,accuracy,0.595,
phase3_adaptive,Hostein:B_finetune_20-80:RF_adapt,thermal_preference,qwk,0.284,
phase3_adaptive,Hostein:B_finetune_20-80:RF_adapt,thermal_preference,f1_macro,0.405,
phase3_adaptive,Hostein:B_finetune_20-80:RF_adapt,thermal_preference,wilson_low,0.51,
phase3_adaptive,Hostein:B_finetune_20-80:RF_adapt,thermal_preference,wilson_high,0.676,
phase3_adaptive,Hostein:B_finetune_20-80:XGB_adapt,thermal_preference,accuracy,0.603,
phase3_adaptive,Hostein:B_finetune_20-80:XGB_adapt,thermal_preference,qwk,0.37,
phase3_adaptive,Hostein:B_finetune_20-80:XGB_adapt,thermal_preference,f1_macro,0.417,
phase3_adaptive,Hostein:B_finetune_20-80:XGB_adapt,thermal_preference,wilson_low,0.517,
phase3_adaptive,Hostein:B_finetune_20-80:XGB_adapt,thermal_preference,wilson_high,0.683,
phase3_adaptive,Hostein:B_finetune_20-80:FT_head,thermal_preference,accuracy,0.626,
phase3_adaptive,Hostein:B_finetune_20-80:FT_head,thermal_preference,qwk,0.303,
phase3_adaptive,Hostein:B_finetune_20-80:FT_head,thermal_preference,f1_macro,0.501,
phase3_adaptive,Hostein:B_finetune_20-80:FT_head,thermal_preference,wilson_low,0.541,
phase3_adaptive,Hostein:B_finetune_20-80:FT_head,thermal_preference,wilson_high,0.704,
phase3_adaptive,Hostein:B_finetune_20-80:FT_full,thermal_preference,accuracy,0.618,
phase3_adaptive,Hostein:B_finetune_20-80:FT_full,thermal_preference,qwk,0.307,
phase3_adaptive,Hostein:B_finetune_20-80:FT_full,thermal_preference,f1_macro,0.489,
phase3_adaptive,Hostein:B_finetune_20-80:FT_full,thermal_preference,wilson_low,0.533,
phase3_adaptive,Hostein:B_finetune_20-80:FT_full,thermal_preference,wilson_high,0.697,
feature_importance,RF:Tair,thermal_preference,importance,0.201,
feature_importance,RF:clo,thermal_preference,importance,0.085,
feature_importance,RF:RH,thermal_preference,importance,0.079,
feature_importance,RF:vel,thermal_preference,importance,0.069,
feature_importance,XGB:Climate,thermal_preference,importance,0.288,
feature_importance,XGB:Season,thermal_preference,importance,0.112,
feature_importance,XGB:cooling type,thermal_preference,importance,0.146,
wilcoxon_sig,ANN|FTTransformer,thermal_preference,significant,1.0,0.5
wilcoxon_sig,ANN|RandomForest,thermal_preference,significant,0.0,0.5
wilcoxon_sig,ANN|SVM,thermal_preference,significant,0.0,0.5
wilcoxon_sig,ANN|XGBoost,thermal_preference,significant,0.0,0.5
wilcoxon_sig,FTTransformer|RandomForest,thermal_preference,significant,1.0,0.5
wilcoxon_sig,FTTransformer|SVM,thermal_preference,significant,1.0,0.5
wilcoxon_sig,FTTransformer|XGBoost,thermal_preference,significant,1.0,0.5
wilcoxon_sig,RandomForest|SVM,thermal_preference,significant,0.0,0.5
wilcoxon_sig,RandomForest|XGBoost,thermal_preference,significant,0.0,0.5
wilcoxon_sig,SVM|XGBoost,thermal_preference,significant,0.0,0.5
nn_ceiling,-,thermal_preference,primary_disagreement,0.406,
nn_ceiling,-,thermal_preference,case_b_cluster_agreement,0.773,
nn_ceiling,-,thermal_preference,case_c_agreement,0.6,
